bang,bang_ten,record_key,record_label,building_id,building_name,building_name_local,project_name,tower_codes,linked_case_id,is_target,country,city,district,address,latitude,longitude,developer,official_website,brochure_url,building_type,segment,status,year_launch,year_handover,num_towers,num_floors_above,num_basements,height_m,num_units_total,land_area_m2,gfa_m2,nfa_sale_m2,efficiency_ratio_pct,building_density_pct,green_area_pct,parking_ratio,unit_types_summary,unit_area_min_m2,unit_area_max_m2,units_per_floor_typical,dominant_layout_class,mix_by_bedroom_pct,handover_standard,handover_brands,amenity_count,amenity_highlights,architect_firm,architect_country,interior_designer,landscape_architect,architectural_style,design_concept,design_concept_keywords,massing_form,facade_material,facade_system,window_wall_ratio_pct,balcony_type,floor_to_ceiling_m,signature_features,green_cert,green_cert_level,awards,orientation_note,unit_type_id,type_code,type_name,layout_class,bedrooms,bathrooms,has_multipurpose_room,area_gross_m2,area_net_m2,area_basis_reported,ratio_net_gross_pct,area_balcony_m2,num_units_of_type,share_of_total_pct,facing,view_type,is_corner,floorplan_url,floorplan_file,room_id,room_code,room_type,room_label_raw,area_m2,width_m,length_m,has_window,is_ensuite,position_note,source_type,floor_plate_id,tower_code,floor_range,floor_label,units_per_floor,unit_type_mix,gfa_per_floor_m2,nfa_per_floor_m2,efficiency_per_floor_pct,corridor_type,num_elevators,num_elevators_service,units_per_elevator,num_stairs,core_position,floorplate_url,handover_id,applies_to_unit_type_id,item_code,item_category,item_name,item_spec,brand,brand_origin,is_included,note,amenity_id,amenity_category,amenity_name,amenity_name_local,location,floor_level,is_indoor,is_resident_free,operator_brand,is_highlight,price_id,market,price_min,price_max,price_avg,currency,price_unit,price_basis,includes_vat,includes_maintenance_fee,period,observed_at,sample_size,fx_rate_to_usd,price_usd_per_m2,listing_url,num_unit_types,num_rooms_captured,num_handover_items,num_amenities,num_price_obs,price_usd_per_m2_primary,price_usd_per_m2_secondary,secondary_premium_pct,price_growth_pct_yoy,sources_ok,extracted_at,confidence,source_urls,evidence_json
B1,building,grand_city_tower_tsukishima,Grand City Tower Tsukishima,grand_city_tower_tsukishima,Grand City Tower Tsukishima,グランドシティタワー月島,,,,false,,,Quận Chuo,"Tsukishima 3-chome số 3300 và các thửa khác, Quận Chuo, Tokyo",,,Sumitomo Realty & Development; Tokyo Tatemono; Daiwa House Industry; Shutoken Funen Kenchiku Kosha,,,mixed_use,,,,2027,,58,2,,1284,10076.42,144276.8,,,,,,2pn; 2pn_plus; 3pn,58.13,83.74,,3pn,,noi_that_lien_tuong,Narumi,21,Sảnh vào chính thông tầng hai lớp; Sảnh nghỉ trên cao ngắm cảnh; Phòng tiệc; Sảnh làm việc từ xa; Phòng vui chơi trẻ em (kiêm phòng họp cư dân); Vườn rau gia đình trên mái Tsukishima FARM; Phòng lưu trú cho khách (2 phòng: kiểu Nhật và kiểu Tây); Công viên cây xanh nội khu,Penta-Ocean Construction · Daiken Sekkei (liên danh đại diện thực hiện thiết kế),,,,,"Phát huy tài sản là khu phố ven nước; dù là toà nhà ở siêu cao tầng, phần chân đế vẫn kiến tạo khu phố hoà làm một với cộng đồng địa phương.",khu phố ven nước; toà nhà ở siêu cao tầng; kiến tạo khu phố hoà nhập cộng đồng,,,,,,2.6,Sảnh vào lớn thông tầng cao 2 lớp; Không gian sảnh nghỉ với nội thất thiết kế hiện đại; Hai vị trí sảnh đón xe (coach entrance); Thiết kế hành lang trong nhà; Sảnh nghỉ trên cao (sky lounge) ở tầng 30 ngắm sông Sumida và trung tâm thành phố,,,,"Tháp siêu cao tầng dựng bên bờ sông Sumida, vị trí ven sông thoáng đãng, tầm nhìn hướng ra khu trung tâm và phía vịnh.",,,,,,,,,,,,,,,,,,,,,,,,,,,,,,,,,,,,,,,,,,,,,,,,,,,,,,,,,,,,,,,,,,,,,,,,,,,,,,,,,,,5,0,22,21,4,,,,,3,2026-08-17,medium,https://suumo.jp/ms/shinchiku/tokyo/sc_chuo/nc_67727473/; https://www.major7.net/Bukkendetail/00000010001160; https://www.sumitomo-rd-mansion.jp/shuto/tsukishima/detail.cgi,"{""building_name_local"": {""url"": ""https://www.sumitomo-rd-mansion.jp/shuto/tsukishima/detail.cgi"", ""file"": ""01_ngu_n_2.txt"", ""snippet"": ""物件名 グランドシティタワー月島"", ""confidence"": ""high""}, ""district"": {""url"": ""https://www.sumitomo-rd-mansion.jp/shuto/tsukishima/detail.cgi"", ""file"": ""01_ngu_n_2.txt"", ""snippet"": ""所在地 東京都中央区　月島三丁目3300番他（地番）"", ""confidence"": ""high""}, ""address"": {""url"": ""https://www.major7.net/Bukkendetail/00000010001160"", ""file"": ""03_ngu_n_4.txt"", ""snippet"": ""所在地 東京都中央区月島三丁目3300番他（地番）"", ""confidence"": ""medium""}, ""developer"": {""url"": ""https://www.sumitomo-rd-mansion.jp/shuto/tsukishima/detail.cgi"", ""file"": ""01_ngu_n_2.txt"", ""snippet"": ""売主 ・住友不動産株式会社…・東京建物株式会社…・大和ハウス工業株式会社　東京本店…・一般財団法人　首都圏不燃建築公社"", ""confidence"": ""high""}, ""building_type"": {""url"": ""https://www.sumitomo-rd-mansion.jp/shuto/tsukishima/detail.cgi"", ""file"": ""01_ngu_n_2.txt"", ""snippet"": ""総戸数 1,284戸（非分譲住戸339戸、その他住戸30戸（※１）含む）その他店舗21区画、保育所、デイサービス"", ""confidence"": ""high""}, ""year_handover"": {""url"": ""https://www.sumitomo-rd-mansion.jp/shuto/tsukishima/detail.cgi"", ""file"": ""01_ngu_n_2.txt"", ""snippet"": ""入居（引渡）予定日 2027年3月下旬"", ""confidence"": ""high""}, ""num_floors_above"": {""url"": ""https://www.sumitomo-rd-mansion.jp/shuto/tsukishima/detail.cgi"", ""file"": ""01_ngu_n_2.txt"", ""snippet"": ""構造・規模 鉄筋コンクリート造、一部鉄骨造　 地上58階建　地下2階建"", ""confidence"": ""high""}, ""num_basements"": {""url"": ""https://www.sumitomo-rd-mansion.jp/shuto/tsukishima/detail.cgi"", ""file"": ""01_ngu_n_2.txt"", ""snippet"": ""鉄筋コンクリート造、一部鉄骨造　 地上58階建　地下2階建"", ""confidence"": ""high""}, ""num_units_total"": {""url"": ""https://www.sumitomo-rd-mansion.jp/shuto/tsukishima/detail.cgi"", ""file"": ""01_ngu_n_2.txt"", ""snippet"": ""総戸数 1,284戸（非分譲住戸339戸、その他住戸30戸（※１）含む）…※管理規約上の取扱いは1,285戸"", ""confidence"": ""high""}, ""land_area_m2"": {""url"": ""https://www.sumitomo-rd-mansion.jp/shuto/tsukishima/detail.cgi"", ""file"": ""01_ngu_n_2.txt"", ""snippet"": ""敷地面積 10,076.42m 2"", ""confidence"": ""high""}, ""gfa_m2"": {""url"": ""https://www.sumitomo-rd-mansion.jp/shuto/tsukishima/detail.cgi"", ""file"": ""01_ngu_n_2.txt"", ""snippet"": ""建築延床面積 144,276.80m 2"", ""confidence"": ""high""}, ""handover_standard"": {""url"": ""https://suumo.jp/ms/shinchiku/tokyo/sc_chuo/nc_67727473/"", ""file"": ""02_ngu_n_3.txt"", ""snippet"": ""キッチンの「生ゴミディスポーザー」「スライド式食器洗い乾燥機」「鳴海製陶製ガラストッププレート」「ステンレス製レンジフード」をはじめ、家事効率を高める設備も標準装備されています。"", ""confidence"": ""medium""}, ""architect_firm"": {""url"": ""https://www.sumitomo-rd-mansion.jp/shuto/tsukishima/detail.cgi"", ""file"": ""01_ngu_n_2.txt"", ""snippet"": ""設計 五洋建設・大建設計特定業務代行共同体"", ""confidence"": ""high""}, ""design_concept"": {""url"": ""https://suumo.jp/ms/shinchiku/tokyo/sc_chuo/nc_67727473/"", ""file"": ""02_ngu_n_3.txt"", ""snippet"": ""水辺の街という財産を活かし、超高層レジデンスでありながら、足元では地域と一体となる街づくりを行います。"", ""confidence"": ""medium""}, ""design_concept_keywords"": {""url"": ""https://suumo.jp/ms/shinchiku/tokyo/sc_chuo/nc_67727473/"", ""file"": ""02_ngu_n_3.txt"", ""snippet"": ""水辺の街という財産を活かし、超高層レジデンスでありながら、足元では地域と一体となる街づくりを行います。"", ""confidence"": ""medium""}, ""floor_to_ceiling_m"": {""url"": ""https://suumo.jp/ms/shinchiku/tokyo/sc_chuo/nc_67727473/"", ""file"": ""02_ngu_n_3.txt"", ""snippet"": ""さらにリビング・ダイニングの天井高は、一番高い部分で最大約2.6mを確保。"", ""confidence"": ""medium""}, ""signature_features"": {""url"": ""https://suumo.jp/ms/shinchiku/tokyo/sc_chuo/nc_67727473/"", ""file"": ""02_ngu_n_3.txt"", ""snippet"": ""2層吹き抜けの「グランドエントランスホール」やモダンデザインの家具を設えた「ラウンジスペース」、2箇所の「コーチエントランス」、「内廊下」をはじめ、ホテルライクな共用空間も魅力的なタワーレジデンス。隅田川や都心の眺望が楽しめる30階の「スカイラウンジ」"", ""confidence"": ""medium""}, ""orientation_note"": {""url"": ""https://suumo.jp/ms/shinchiku/tokyo/sc_chuo/nc_67727473/"", ""file"": ""02_ngu_n_3.txt"", ""snippet"": ""隅田川のほとりに建つ超高層タワー、開放的なリバーサイドというポジションにより、都心や湾岸方面を見晴らす眺望も魅力。"", ""confidence"": ""medium""}}"
B2,unit_type,grand_city_tower_tsukishima__s_55e,S-55E,grand_city_tower_tsukishima,,,,,,,,,,,,,,,,,,,,,,,,,,,,,,,,,,,,,,,,,,,,,,,,,,,,,,,,,,,,,grand_city_tower_tsukishima__s_55e,S-55E,,2pn_plus,2,,true,,58.13,thong_thuy,,,,,,,,,,,,,,,,,,,,,,,,,,,,,,,,,,,,,,,,,,,,,,,,,,,,,,,,,,,,,,,,,,,,,,,,,,,,,,,,,,,,medium,https://suumo.jp/ms/shinchiku/tokyo/sc_chuo/nc_67727473/,"{""type_code"": {""url"": ""https://suumo.jp/ms/shinchiku/tokyo/sc_chuo/nc_67727473/"", ""file"": ""02_ngu_n_3.txt"", ""snippet"": ""S-55E 2LDK+N(納戸)+WIC(ウォークインクロゼット) 専有面積： 58.13m 2"", ""confidence"": ""medium""}, ""layout_class"": {""url"": ""https://suumo.jp/ms/shinchiku/tokyo/sc_chuo/nc_67727473/"", ""file"": ""02_ngu_n_3.txt"", ""snippet"": ""S-55E 2LDK+N(納戸)+WIC(ウォークインクロゼット)"", ""confidence"": ""medium""}, ""bedrooms"": {""url"": ""https://suumo.jp/ms/shinchiku/tokyo/sc_chuo/nc_67727473/"", ""file"": ""02_ngu_n_3.txt"", ""snippet"": ""S-55E 2LDK+N(納戸)+WIC(ウォークインクロゼット)"", ""confidence"": ""medium""}, ""has_multipurpose_room"": {""url"": ""https://suumo.jp/ms/shinchiku/tokyo/sc_chuo/nc_67727473/"", ""file"": ""02_ngu_n_3.txt"", ""snippet"": ""S-55E 2LDK+N(納戸)+WIC(ウォークインクロゼット)"", ""confidence"": ""medium""}, ""area_net_m2"": {""url"": ""https://suumo.jp/ms/shinchiku/tokyo/sc_chuo/nc_67727473/"", ""file"": ""02_ngu_n_3.txt"", ""snippet"": ""S-55E ... 専有面積： 58.13m 2 価格： 1億5800万円"", ""confidence"": ""medium""}, ""area_basis_reported"": {""url"": ""https://suumo.jp/ms/shinchiku/tokyo/sc_chuo/nc_67727473/"", ""file"": ""02_ngu_n_3.txt"", ""snippet"": ""専有面積： 58.13m 2"", ""confidence"": ""medium""}}"
B2,unit_type,grand_city_tower_tsukishima__s_70b,S-70B,grand_city_tower_tsukishima,,,,,,,,,,,,,,,,,,,,,,,,,,,,,,,,,,,,,,,,,,,,,,,,,,,,,,,,,,,,,grand_city_tower_tsukishima__s_70b,S-70B,,3pn,3,,true,,73.52,thong_thuy,,,,,,,,,,,,,,,,,,,,,,,,,,,,,,,,,,,,,,,,,,,,,,,,,,,,,,,,,,,,,,,,,,,,,,,,,,,,,,,,,,,,medium,https://suumo.jp/ms/shinchiku/tokyo/sc_chuo/nc_67727473/,"{""type_code"": {""url"": ""https://suumo.jp/ms/shinchiku/tokyo/sc_chuo/nc_67727473/"", ""file"": ""02_ngu_n_3.txt"", ""snippet"": ""S-70B 3LDK+N(納戸)+WIC(ウォークインクロゼット)+SIC(シューズインクロゼット) 専有面積： 73.52m 2"", ""confidence"": ""medium""}, ""layout_class"": {""url"": ""https://suumo.jp/ms/shinchiku/tokyo/sc_chuo/nc_67727473/"", ""file"": ""02_ngu_n_3.txt"", ""snippet"": ""S-70B 3LDK+N(納戸)+WIC(ウォークインクロゼット)+SIC(シューズインクロゼット)"", ""confidence"": ""medium""}, ""bedrooms"": {""url"": ""https://suumo.jp/ms/shinchiku/tokyo/sc_chuo/nc_67727473/"", ""file"": ""02_ngu_n_3.txt"", ""snippet"": ""S-70B 3LDK+N(納戸)+WIC(ウォークインクロゼット)+SIC(シューズインクロゼット)"", ""confidence"": ""medium""}, ""has_multipurpose_room"": {""url"": ""https://suumo.jp/ms/shinchiku/tokyo/sc_chuo/nc_67727473/"", ""file"": ""02_ngu_n_3.txt"", ""snippet"": ""S-70B 3LDK+N(納戸)+WIC(ウォークインクロゼット)+SIC(シューズインクロゼット)"", ""confidence"": ""medium""}, ""area_net_m2"": {""url"": ""https://suumo.jp/ms/shinchiku/tokyo/sc_chuo/nc_67727473/"", ""file"": ""02_ngu_n_3.txt"", ""snippet"": ""S-70B ... 専有面積： 73.52m 2 価格： 2億2500万円"", ""confidence"": ""medium""}, ""area_basis_reported"": {""url"": ""https://suumo.jp/ms/shinchiku/tokyo/sc_chuo/nc_67727473/"", ""file"": ""02_ngu_n_3.txt"", ""snippet"": ""専有面積： 73.52m 2"", ""confidence"": ""medium""}}"
B2,unit_type,grand_city_tower_tsukishima__s_80atr,S-80Atr,grand_city_tower_tsukishima,,,,,,,,,,,,,,,,,,,,,,,,,,,,,,,,,,,,,,,,,,,,,,,,,,,,,,,,,,,,,grand_city_tower_tsukishima__s_80atr,S-80Atr,,3pn,3,,true,,80.63,thong_thuy,,,,,,,,,,,,,,,,,,,,,,,,,,,,,,,,,,,,,,,,,,,,,,,,,,,,,,,,,,,,,,,,,,,,,,,,,,,,,,,,,,,,medium,https://suumo.jp/ms/shinchiku/tokyo/sc_chuo/nc_67727473/,"{""type_code"": {""url"": ""https://suumo.jp/ms/shinchiku/tokyo/sc_chuo/nc_67727473/"", ""file"": ""02_ngu_n_3.txt"", ""snippet"": ""S-80Atr 3LDK+N(納戸)+2WIC(ウォークインクロゼット)+SIC(シューズインクロゼット) 専有面積： 80.63m 2"", ""confidence"": ""medium""}, ""layout_class"": {""url"": ""https://suumo.jp/ms/shinchiku/tokyo/sc_chuo/nc_67727473/"", ""file"": ""02_ngu_n_3.txt"", ""snippet"": ""S-80Atr 3LDK+N(納戸)+2WIC(ウォークインクロゼット)+SIC(シューズインクロゼット)"", ""confidence"": ""medium""}, ""bedrooms"": {""url"": ""https://suumo.jp/ms/shinchiku/tokyo/sc_chuo/nc_67727473/"", ""file"": ""02_ngu_n_3.txt"", ""snippet"": ""S-80Atr 3LDK+N(納戸)+2WIC(ウォークインクロゼット)+SIC(シューズインクロゼット)"", ""confidence"": ""medium""}, ""has_multipurpose_room"": {""url"": ""https://suumo.jp/ms/shinchiku/tokyo/sc_chuo/nc_67727473/"", ""file"": ""02_ngu_n_3.txt"", ""snippet"": ""S-80Atr 3LDK+N(納戸)+2WIC(ウォークインクロゼット)+SIC(シューズインクロゼット)"", ""confidence"": ""medium""}, ""area_net_m2"": {""url"": ""https://suumo.jp/ms/shinchiku/tokyo/sc_chuo/nc_67727473/"", ""file"": ""02_ngu_n_3.txt"", ""snippet"": ""S-80Atr ... 専有面積： 80.63m 2 価格： 2億2800万円"", ""confidence"": ""medium""}, ""area_basis_reported"": {""url"": ""https://suumo.jp/ms/shinchiku/tokyo/sc_chuo/nc_67727473/"", ""file"": ""02_ngu_n_3.txt"", ""snippet"": ""専有面積： 80.63m 2"", ""confidence"": ""medium""}}"
B2,unit_type,grand_city_tower_tsukishima__w_80atr,W-80Atr,grand_city_tower_tsukishima,,,,,,,,,,,,,,,,,,,,,,,,,,,,,,,,,,,,,,,,,,,,,,,,,,,,,,,,,,,,,grand_city_tower_tsukishima__w_80atr,W-80Atr,,2pn,2,,false,,83.74,thong_thuy,,,,,Tây Nam,tầm nhìn trực diện lên bầu trời,true,,,,,,,,,,,,,,,,,,,,,,,,,,,,,,,,,,,,,,,,,,,,,,,,,,,,,,,,,,,,,,,,,,,,,,,,,,,,,medium,https://suumo.jp/ms/shinchiku/tokyo/sc_chuo/nc_67727473/,"{""type_code"": {""url"": ""https://suumo.jp/ms/shinchiku/tokyo/sc_chuo/nc_67727473/"", ""file"": ""02_ngu_n_3.txt"", ""snippet"": ""モデルルームの見どころポイント（W-80Atrタイプ(LD拡大プラン)）"", ""confidence"": ""medium""}, ""layout_class"": {""url"": ""https://suumo.jp/ms/shinchiku/tokyo/sc_chuo/nc_67727473/"", ""file"": ""02_ngu_n_3.txt"", ""snippet"": ""間取り：2LDK＋2WIC ／ 専有面積：83.74m 2"", ""confidence"": ""medium""}, ""bedrooms"": {""url"": ""https://suumo.jp/ms/shinchiku/tokyo/sc_chuo/nc_67727473/"", ""file"": ""02_ngu_n_3.txt"", ""snippet"": ""間取り：2LDK＋2WIC"", ""confidence"": ""medium""}, ""has_multipurpose_room"": {""url"": ""https://suumo.jp/ms/shinchiku/tokyo/sc_chuo/nc_67727473/"", ""file"": ""02_ngu_n_3.txt"", ""snippet"": ""間取り：2LDK＋2WIC ※WIC＝ウォークインクロゼット"", ""confidence"": ""medium""}, ""area_net_m2"": {""url"": ""https://suumo.jp/ms/shinchiku/tokyo/sc_chuo/nc_67727473/"", ""file"": ""02_ngu_n_3.txt"", ""snippet"": ""専有面積：83.74m 2 ※専有面積には専有トランクルーム面積1.39m 2 を含みます。"", ""confidence"": ""medium""}, ""area_basis_reported"": {""url"": ""https://suumo.jp/ms/shinchiku/tokyo/sc_chuo/nc_67727473/"", ""file"": ""02_ngu_n_3.txt"", ""snippet"": ""専有面積：83.74m 2"", ""confidence"": ""medium""}, ""is_corner"": {""url"": ""https://suumo.jp/ms/shinchiku/tokyo/sc_chuo/nc_67727473/"", ""file"": ""02_ngu_n_3.txt"", ""snippet"": ""モデルルームのW-80Atrタイプは、地上31階以上の上層階角住戸。"", ""confidence"": ""medium""}, ""facing"": {""url"": ""https://suumo.jp/ms/shinchiku/tokyo/sc_chuo/nc_67727473/"", ""file"": ""02_ngu_n_3.txt"", ""snippet"": ""建物南西コーナーにあたるリビング・ダイニングには、足元近くから立ち上がる「ダイナミックパノラマウインドウ」も採用。"", ""confidence"": ""medium""}, ""view_type"": {""url"": ""https://suumo.jp/ms/shinchiku/tokyo/sc_chuo/nc_67727473/"", ""file"": ""02_ngu_n_3.txt"", ""snippet"": ""視界がひときわワイドに広がるダイナミックな眺望（ダイレクトスカイビュー）を座ったままでも楽しむことができます。"", ""confidence"": ""medium""}}"
B2,unit_type,grand_city_tower_tsukishima__n_75a,N-75A,grand_city_tower_tsukishima,,,,,,,,,,,,,,,,,,,,,,,,,,,,,,,,,,,,,,,,,,,,,,,,,,,,,,,,,,,,,grand_city_tower_tsukishima__n_75a,N-75A,,,,,,,,,,,,,,,,,,,,,,,,,,,,,,,,,,,,,,,,,,,,,,,,,,,,,,,,,,,,,,,,,,,,,,,,,,,,,,,,,,,,,,,,,,,,medium,https://suumo.jp/ms/shinchiku/tokyo/sc_chuo/nc_67727473/,"{""type_code"": {""url"": ""https://suumo.jp/ms/shinchiku/tokyo/sc_chuo/nc_67727473/"", ""file"": ""02_ngu_n_3.txt"", ""snippet"": ""※掲載の室内写真は、モデルルーム（N-75Aタイプ）を撮影（2023年4月）したもので、家具・調度品等オプション仕様は販売価格に含まれておりません。"", ""confidence"": ""medium""}}"
B5,handover_item,grand_city_tower_tsukishima__san_hanh_lang_trong_can,Sàn hành lang trong căn hộ,grand_city_tower_tsukishima,,,,,,,,,,,,,,,,,,,,,,,,,,,,,,,,,,,,,,,,,,,,,,,,,,,,,,,,,,,,,,,,,,,,,,,,,,,,,,,,,,,,,,,,,,,,,,,,,,,,,,,,,,,grand_city_tower_tsukishima__san_hanh_lang_trong_can,,san_hanh_lang_trong_can,san,Sàn hành lang trong căn hộ,Lát gạch (quy cách tiêu chuẩn); hành lang thiết kế bẻ góc tăng tính riêng tư,,,true,,,,,,,,,,,,,,,,,,,,,,,,,,,,,,,,,,,,,,,medium,https://suumo.jp/ms/shinchiku/tokyo/sc_chuo/nc_67727473/,"{""item_code"": {""url"": ""https://suumo.jp/ms/shinchiku/tokyo/sc_chuo/nc_67727473/"", ""file"": ""02_ngu_n_3.txt"", ""snippet"": ""廊下の床は美しい「タイル貼り」（標準仕様）。クランクした廊下設計により、住戸のプライバシー性も高めれています"", ""confidence"": ""medium""}, ""item_category"": {""url"": ""https://suumo.jp/ms/shinchiku/tokyo/sc_chuo/nc_67727473/"", ""file"": ""02_ngu_n_3.txt"", ""snippet"": ""廊下の床は美しい「タイル貼り」（標準仕様）。"", ""confidence"": ""medium""}, ""item_name"": {""url"": ""https://suumo.jp/ms/shinchiku/tokyo/sc_chuo/nc_67727473/"", ""file"": ""02_ngu_n_3.txt"", ""snippet"": ""廊下の床は美しい「タイル貼り」（標準仕様）。"", ""confidence"": ""medium""}, ""item_spec"": {""url"": ""https://suumo.jp/ms/shinchiku/tokyo/sc_chuo/nc_67727473/"", ""file"": ""02_ngu_n_3.txt"", ""snippet"": ""廊下の床は美しい「タイル貼り」（標準仕様）。クランクした廊下設計により、住戸のプライバシー性も高めれています"", ""confidence"": ""medium""}, ""is_included"": {""url"": ""https://suumo.jp/ms/shinchiku/tokyo/sc_chuo/nc_67727473/"", ""file"": ""02_ngu_n_3.txt"", ""snippet"": ""廊下の床は美しい「タイル貼り」（標準仕様）。"", ""confidence"": ""medium""}}"
B5,handover_item,grand_city_tower_tsukishima__san_powder_room_wc,Sàn phòng thay đồ (powder room) và WC,grand_city_tower_tsukishima,,,,,,,,,,,,,,,,,,,,,,,,,,,,,,,,,,,,,,,,,,,,,,,,,,,,,,,,,,,,,,,,,,,,,,,,,,,,,,,,,,,,,,,,,,,,,,,,,,,,,,,,,,,grand_city_tower_tsukishima__san_powder_room_wc,,san_powder_room_wc,san,Sàn phòng thay đồ (powder room) và WC,"Lát gạch, tạo cảm giác cao cấp",,,true,,,,,,,,,,,,,,,,,,,,,,,,,,,,,,,,,,,,,,,medium,https://suumo.jp/ms/shinchiku/tokyo/sc_chuo/nc_67727473/,"{""item_code"": {""url"": ""https://suumo.jp/ms/shinchiku/tokyo/sc_chuo/nc_67727473/"", ""file"": ""02_ngu_n_3.txt"", ""snippet"": ""カウンタートップに天然石を採用したシステムキッチン・洗面化粧台、床タイル貼りの廊下・パウダールーム・トイレなど、高級感漂う仕様により、優雅なタワーライフを演出。"", ""confidence"": ""medium""}, ""item_category"": {""url"": ""https://suumo.jp/ms/shinchiku/tokyo/sc_chuo/nc_67727473/"", ""file"": ""02_ngu_n_3.txt"", ""snippet"": ""床タイル貼りの廊下・パウダールーム・トイレなど、高級感漂う仕様"", ""confidence"": ""medium""}, ""item_name"": {""url"": ""https://suumo.jp/ms/shinchiku/tokyo/sc_chuo/nc_67727473/"", ""file"": ""02_ngu_n_3.txt"", ""snippet"": ""床タイル貼りの廊下・パウダールーム・トイレなど、高級感漂う仕様"", ""confidence"": ""medium""}, ""item_spec"": {""url"": ""https://suumo.jp/ms/shinchiku/tokyo/sc_chuo/nc_67727473/"", ""file"": ""02_ngu_n_3.txt"", ""snippet"": ""床タイル貼りの廊下・パウダールーム・トイレなど、高級感漂う仕様により、優雅なタワーライフを演出。"", ""confidence"": ""medium""}, ""is_included"": {""url"": ""https://suumo.jp/ms/shinchiku/tokyo/sc_chuo/nc_67727473/"", ""file"": ""02_ngu_n_3.txt"", ""snippet"": ""カウンタートップに天然石を採用したシステムキッチン・洗面化粧台、床タイル貼りの廊下・パウダールーム・トイレなど、高級感漂う仕様"", ""confidence"": ""medium""}}"
B5,handover_item,grand_city_tower_tsukishima__mat_ban_bep_da_tu_nhien,Mặt bàn bếp đá tự nhiên,grand_city_tower_tsukishima,,,,,,,,,,,,,,,,,,,,,,,,,,,,,,,,,,,,,,,,,,,,,,,,,,,,,,,,,,,,,,,,,,,,,,,,,,,,,,,,,,,,,,,,,,,,,,,,,,,,,,,,,,,grand_city_tower_tsukishima__mat_ban_bep_da_tu_nhien,,mat_ban_bep_da_tu_nhien,bep,Mặt bàn bếp đá tự nhiên,"Mặt bàn đá tự nhiên sang trọng, quầy bếp đối diện dạng phẳng có chiều sâu rộng",,,true,,,,,,,,,,,,,,,,,,,,,,,,,,,,,,,,,,,,,,,medium,https://suumo.jp/ms/shinchiku/tokyo/sc_chuo/nc_67727473/,"{""item_code"": {""url"": ""https://suumo.jp/ms/shinchiku/tokyo/sc_chuo/nc_67727473/"", ""file"": ""02_ngu_n_3.txt"", ""snippet"": ""キッチンには、高級感あふれる「天然石カウンタートップ」、ワイドな奥行きがある「フラットな対面カウンター」を採用。"", ""confidence"": ""medium""}, ""item_category"": {""url"": ""https://suumo.jp/ms/shinchiku/tokyo/sc_chuo/nc_67727473/"", ""file"": ""02_ngu_n_3.txt"", ""snippet"": ""キッチンには、高級感あふれる「天然石カウンタートップ」…を採用。"", ""confidence"": ""medium""}, ""item_name"": {""url"": ""https://suumo.jp/ms/shinchiku/tokyo/sc_chuo/nc_67727473/"", ""file"": ""02_ngu_n_3.txt"", ""snippet"": ""キッチンには、高級感あふれる「天然石カウンタートップ」"", ""confidence"": ""medium""}, ""item_spec"": {""url"": ""https://suumo.jp/ms/shinchiku/tokyo/sc_chuo/nc_67727473/"", ""file"": ""02_ngu_n_3.txt"", ""snippet"": ""キッチンには、高級感あふれる「天然石カウンタートップ」、ワイドな奥行きがある「フラットな対面カウンター」を採用。"", ""confidence"": ""medium""}, ""is_included"": {""url"": ""https://suumo.jp/ms/shinchiku/tokyo/sc_chuo/nc_67727473/"", ""file"": ""02_ngu_n_3.txt"", ""snippet"": ""カウンタートップに天然石を採用したシステムキッチン・洗面化粧台…高級感漂う仕様"", ""confidence"": ""medium""}}"
B5,handover_item,grand_city_tower_tsukishima__may_nghien_rac_thuc_pham,Máy nghiền rác thực phẩm,grand_city_tower_tsukishima,,,,,,,,,,,,,,,,,,,,,,,,,,,,,,,,,,,,,,,,,,,,,,,,,,,,,,,,,,,,,,,,,,,,,,,,,,,,,,,,,,,,,,,,,,,,,,,,,,,,,,,,,,,grand_city_tower_tsukishima__may_nghien_rac_thuc_pham,,may_nghien_rac_thuc_pham,bep,Máy nghiền rác thực phẩm,"Nghiền nhanh rác thực phẩm ngay tại bếp; rác đã nghiền được xử lý làm sạch qua thiết bị xử lý nước thải chuyên dụng trước khi xả, giảm tác động môi trường",,,true,Một số loại rác không xử lý được,,,,,,,,,,,,,,,,,,,,,,,,,,,,,,,,,,,,,,medium,https://suumo.jp/ms/shinchiku/tokyo/sc_chuo/nc_67727473/,"{""item_code"": {""url"": ""https://suumo.jp/ms/shinchiku/tokyo/sc_chuo/nc_67727473/"", ""file"": ""02_ngu_n_3.txt"", ""snippet"": ""「生ゴミディスポーザー」「スライド式食器洗い乾燥機」なども標準装備"", ""confidence"": ""medium""}, ""item_category"": {""url"": ""https://suumo.jp/ms/shinchiku/tokyo/sc_chuo/nc_67727473/"", ""file"": ""02_ngu_n_3.txt"", ""snippet"": ""キッチンの「生ゴミディスポーザー」…をはじめ、家事効率を高める設備も標準装備されています。"", ""confidence"": ""medium""}, ""item_name"": {""url"": ""https://suumo.jp/ms/shinchiku/tokyo/sc_chuo/nc_67727473/"", ""file"": ""02_ngu_n_3.txt"", ""snippet"": ""【生ゴミディスポーザー】 生ゴミを、キッチンですばやく粉砕処理できるシステムです。"", ""confidence"": ""medium""}, ""item_spec"": {""url"": ""https://suumo.jp/ms/shinchiku/tokyo/sc_chuo/nc_67727473/"", ""file"": ""02_ngu_n_3.txt"", ""snippet"": ""【生ゴミディスポーザー】 生ゴミを、キッチンですばやく粉砕処理できるシステムです。各住戸のディスポーザーで破砕された生ゴミは専用の排水処理装置で浄化してから、排水するので、環境への負荷も軽減することができます。"", ""confidence"": ""medium""}, ""is_included"": {""url"": ""https://suumo.jp/ms/shinchiku/tokyo/sc_chuo/nc_67727473/"", ""file"": ""02_ngu_n_3.txt"", ""snippet"": ""「生ゴミディスポーザー」「スライド式食器洗い乾燥機」なども標準装備"", ""confidence"": ""medium""}, ""note"": {""url"": ""https://suumo.jp/ms/shinchiku/tokyo/sc_chuo/nc_67727473/"", ""file"": ""02_ngu_n_3.txt"", ""snippet"": ""※一部処理できないものもあります。"", ""confidence"": ""medium""}}"
B5,handover_item,grand_city_tower_tsukishima__may_rua_say_bat,Máy rửa & sấy bát kiểu trượt,grand_city_tower_tsukishima,,,,,,,,,,,,,,,,,,,,,,,,,,,,,,,,,,,,,,,,,,,,,,,,,,,,,,,,,,,,,,,,,,,,,,,,,,,,,,,,,,,,,,,,,,,,,,,,,,,,,,,,,,,grand_city_tower_tsukishima__may_rua_say_bat,,may_rua_say_bat,bep,Máy rửa & sấy bát kiểu trượt,"Rửa bát hiệu quả, tiết kiệm nước; kiểu ngăn kéo trượt nên dễ lấy và xếp bát đĩa ở tư thế thoải mái",,,true,,,,,,,,,,,,,,,,,,,,,,,,,,,,,,,,,,,,,,,medium,https://suumo.jp/ms/shinchiku/tokyo/sc_chuo/nc_67727473/,"{""item_code"": {""url"": ""https://suumo.jp/ms/shinchiku/tokyo/sc_chuo/nc_67727473/"", ""file"": ""02_ngu_n_3.txt"", ""snippet"": ""「生ゴミディスポーザー」「スライド式食器洗い乾燥機」なども標準装備"", ""confidence"": ""medium""}, ""item_category"": {""url"": ""https://suumo.jp/ms/shinchiku/tokyo/sc_chuo/nc_67727473/"", ""file"": ""02_ngu_n_3.txt"", ""snippet"": ""キッチンの…「スライド式食器洗い乾燥機」…をはじめ、家事効率を高める設備も標準装備されています。"", ""confidence"": ""medium""}, ""item_name"": {""url"": ""https://suumo.jp/ms/shinchiku/tokyo/sc_chuo/nc_67727473/"", ""file"": ""02_ngu_n_3.txt"", ""snippet"": ""【スライド式食器洗い乾燥機】"", ""confidence"": ""medium""}, ""item_spec"": {""url"": ""https://suumo.jp/ms/shinchiku/tokyo/sc_chuo/nc_67727473/"", ""file"": ""02_ngu_n_3.txt"", ""snippet"": ""【スライド式食器洗い乾燥機】 手間をかけず、効率よく食器類が洗浄でき、節水効果にも優れた食器洗い乾燥機をご用意しました。スライド式なので、楽な姿勢で食器の出し入れができます。"", ""confidence"": ""medium""}, ""is_included"": {""url"": ""https://suumo.jp/ms/shinchiku/tokyo/sc_chuo/nc_67727473/"", ""file"": ""02_ngu_n_3.txt"", ""snippet"": ""「生ゴミディスポーザー」「スライド式食器洗い乾燥機」なども標準装備"", ""confidence"": ""medium""}}"
B5,handover_item,grand_city_tower_tsukishima__bep_am_mat_kinh,Bếp âm mặt kính,grand_city_tower_tsukishima,,,,,,,,,,,,,,,,,,,,,,,,,,,,,,,,,,,,,,,,,,,,,,,,,,,,,,,,,,,,,,,,,,,,,,,,,,,,,,,,,,,,,,,,,,,,,,,,,,,,,,,,,,,grand_city_tower_tsukishima__bep_am_mat_kinh,,bep_am_mat_kinh,bep,Bếp âm mặt kính,"Bếp âm dạng mặt kính, núm xoay điều chỉnh lửa thu gọn phẳng ở mặt trước; tất cả các mắt bếp có cảm biến nhiệt độ, tự động tắt khi rung chấn từ khoảng cấp độ 4; kèm lò nướng nướng hai mặt",Narumi,,true,,,,,,,,,,,,,,,,,,,,,,,,,,,,,,,,,,,,,,,medium,https://suumo.jp/ms/shinchiku/tokyo/sc_chuo/nc_67727473/,"{""item_code"": {""url"": ""https://suumo.jp/ms/shinchiku/tokyo/sc_chuo/nc_67727473/"", ""file"": ""02_ngu_n_3.txt"", ""snippet"": ""「鳴海製陶製ガラストッププレート」"", ""confidence"": ""medium""}, ""item_category"": {""url"": ""https://suumo.jp/ms/shinchiku/tokyo/sc_chuo/nc_67727473/"", ""file"": ""02_ngu_n_3.txt"", ""snippet"": ""キッチンの…「鳴海製陶製ガラストッププレート」…をはじめ、家事効率を高める設備も標準装備されています。"", ""confidence"": ""medium""}, ""item_name"": {""url"": ""https://suumo.jp/ms/shinchiku/tokyo/sc_chuo/nc_67727473/"", ""file"": ""02_ngu_n_3.txt"", ""snippet"": ""【ガラストップコンロ】"", ""confidence"": ""medium""}, ""item_spec"": {""url"": ""https://suumo.jp/ms/shinchiku/tokyo/sc_chuo/nc_67727473/"", ""file"": ""02_ngu_n_3.txt"", ""snippet"": ""【ガラストップコンロ】 ダイヤル式の調節ボタンで火力を自由にコントロール。ボタンをコンロ前面にフラットに収納できるシャープなデザイン。全バーナーに温度センサーを搭載し、震度約4以上の揺れで自動消火。安心・便利機能が充実の両面焼きグリル付きビルトインコンロを採用しました。"", ""confidence"": ""medium""}, ""brand"": {""url"": ""https://suumo.jp/ms/shinchiku/tokyo/sc_chuo/nc_67727473/"", ""file"": ""02_ngu_n_3.txt"", ""snippet"": ""「鳴海製陶製ガラストッププレート」"", ""confidence"": ""medium""}, ""is_included"": {""url"": ""https://suumo.jp/ms/shinchiku/tokyo/sc_chuo/nc_67727473/"", ""file"": ""02_ngu_n_3.txt"", ""snippet"": ""キッチンの「生ゴミディスポーザー」「スライド式食器洗い乾燥機」「鳴海製陶製ガラストッププレート」「ステンレス製レンジフード」をはじめ、家事効率を高める設備も標準装備されています。"", ""confidence"": ""medium""}}"
B5,handover_item,grand_city_tower_tsukishima__may_hut_mui_inox,Máy hút mùi bằng thép không gỉ,grand_city_tower_tsukishima,,,,,,,,,,,,,,,,,,,,,,,,,,,,,,,,,,,,,,,,,,,,,,,,,,,,,,,,,,,,,,,,,,,,,,,,,,,,,,,,,,,,,,,,,,,,,,,,,,,,,,,,,,,grand_city_tower_tsukishima__may_hut_mui_inox,,may_hut_mui_inox,bep,Máy hút mùi bằng thép không gỉ,,,,true,,,,,,,,,,,,,,,,,,,,,,,,,,,,,,,,,,,,,,,medium,https://suumo.jp/ms/shinchiku/tokyo/sc_chuo/nc_67727473/,"{""item_code"": {""url"": ""https://suumo.jp/ms/shinchiku/tokyo/sc_chuo/nc_67727473/"", ""file"": ""02_ngu_n_3.txt"", ""snippet"": ""「ステンレス製レンジフード」"", ""confidence"": ""medium""}, ""item_category"": {""url"": ""https://suumo.jp/ms/shinchiku/tokyo/sc_chuo/nc_67727473/"", ""file"": ""02_ngu_n_3.txt"", ""snippet"": ""キッチンの…「ステンレス製レンジフード」をはじめ、家事効率を高める設備も標準装備されています。"", ""confidence"": ""medium""}, ""item_name"": {""url"": ""https://suumo.jp/ms/shinchiku/tokyo/sc_chuo/nc_67727473/"", ""file"": ""02_ngu_n_3.txt"", ""snippet"": ""「ステンレス製レンジフード」"", ""confidence"": ""medium""}, ""is_included"": {""url"": ""https://suumo.jp/ms/shinchiku/tokyo/sc_chuo/nc_67727473/"", ""file"": ""02_ngu_n_3.txt"", ""snippet"": ""キッチンの「生ゴミディスポーザー」「スライド式食器洗い乾燥機」「鳴海製陶製ガラストッププレート」「ステンレス製レンジフード」をはじめ、家事効率を高める設備も標準装備されています。"", ""confidence"": ""medium""}}"
B5,handover_item,grand_city_tower_tsukishima__voi_bep_tich_hop_loc_nuoc,Vòi sen bếp âm bàn tích hợp lọc nước,grand_city_tower_tsukishima,,,,,,,,,,,,,,,,,,,,,,,,,,,,,,,,,,,,,,,,,,,,,,,,,,,,,,,,,,,,,,,,,,,,,,,,,,,,,,,,,,,,,,,,,,,,,,,,,,,,,,,,,,,grand_city_tower_tsukishima__voi_bep_tich_hop_loc_nuoc,,voi_bep_tich_hop_loc_nuoc,bep,Vòi sen bếp âm bàn tích hợp lọc nước,"Hai cần gạt (đóng/mở – điều chỉnh nước nóng lạnh và cần nước lọc), hai chế độ tia bọt và tia phun sương, nước lọc cũng chảy được như nước thường; lõi lọc dung tích lớn lắp dưới chậu nên dùng được lâu hơn loại gắn trong vòi; đầu sen rút ra được, tiện vệ sinh chậu rửa",,,true,Chi phí thay lõi lọc do khách hàng tự chi trả,,,,,,,,,,,,,,,,,,,,,,,,,,,,,,,,,,,,,,medium,https://suumo.jp/ms/shinchiku/tokyo/sc_chuo/nc_67727473/,"{""item_code"": {""url"": ""https://suumo.jp/ms/shinchiku/tokyo/sc_chuo/nc_67727473/"", ""file"": ""02_ngu_n_3.txt"", ""snippet"": ""【ビルトインタイプ複合シャワー水栓】"", ""confidence"": ""medium""}, ""item_category"": {""url"": ""https://suumo.jp/ms/shinchiku/tokyo/sc_chuo/nc_67727473/"", ""file"": ""02_ngu_n_3.txt"", ""snippet"": ""【ビルトインタイプ複合シャワー水栓】…シャワーヘッドを引き出せるので、シンクの掃除などにも便利です。"", ""confidence"": ""medium""}, ""item_name"": {""url"": ""https://suumo.jp/ms/shinchiku/tokyo/sc_chuo/nc_67727473/"", ""file"": ""02_ngu_n_3.txt"", ""snippet"": ""【ビルトインタイプ複合シャワー水栓】"", ""confidence"": ""medium""}, ""item_spec"": {""url"": ""https://suumo.jp/ms/shinchiku/tokyo/sc_chuo/nc_67727473/"", ""file"": ""02_ngu_n_3.txt"", ""snippet"": ""【ビルトインタイプ複合シャワー水栓】 湯水の開閉・調整レバーと浄水開閉レバーのダブルレバー操作で泡沫吐水とスプレーシャワーの2パターン吐水ができ浄水も原水と同様に吐水できます。アンダーシンクタイプの大容量浄水カートリッジでスパウトインタイプに比べたっぷり長期間浄水が使用できます。"", ""confidence"": ""medium""}, ""is_included"": {""url"": ""https://suumo.jp/ms/shinchiku/tokyo/sc_chuo/nc_67727473/"", ""file"": ""02_ngu_n_3.txt"", ""snippet"": ""室内空間のポイント…【ビルトインタイプ複合シャワー水栓】"", ""confidence"": ""medium""}, ""note"": {""url"": ""https://suumo.jp/ms/shinchiku/tokyo/sc_chuo/nc_67727473/"", ""file"": ""02_ngu_n_3.txt"", ""snippet"": ""※カートリッジ交換費用は別途お客様のご負担となります。"", ""confidence"": ""medium""}}"
B5,handover_item,grand_city_tower_tsukishima__ban_rua_mat_guong_ba_mat,Bàn rửa mặt gương ba mặt,grand_city_tower_tsukishima,,,,,,,,,,,,,,,,,,,,,,,,,,,,,,,,,,,,,,,,,,,,,,,,,,,,,,,,,,,,,,,,,,,,,,,,,,,,,,,,,,,,,,,,,,,,,,,,,,,,,,,,,,,grand_city_tower_tsukishima__ban_rua_mat_guong_ba_mat,,ban_rua_mat_guong_ba_mat,thiet_bi_ve_sinh,Bàn rửa mặt gương ba mặt,"Gương có nẹp viền khung, hạn chế bám vân tay khi đóng mở; mặt bàn đá tự nhiên; vòi một cần gạt có đầu sen rút ra được",,,true,,,,,,,,,,,,,,,,,,,,,,,,,,,,,,,,,,,,,,,medium,https://suumo.jp/ms/shinchiku/tokyo/sc_chuo/nc_67727473/,"{""item_code"": {""url"": ""https://suumo.jp/ms/shinchiku/tokyo/sc_chuo/nc_67727473/"", ""file"": ""02_ngu_n_3.txt"", ""snippet"": ""「三面鏡洗面化粧台」"", ""confidence"": ""medium""}, ""item_category"": {""url"": ""https://suumo.jp/ms/shinchiku/tokyo/sc_chuo/nc_67727473/"", ""file"": ""02_ngu_n_3.txt"", ""snippet"": ""鏡の縁に框を配し、開閉時に指紋が付きづらい「三面鏡洗面化粧台」…を採用"", ""confidence"": ""medium""}, ""item_name"": {""url"": ""https://suumo.jp/ms/shinchiku/tokyo/sc_chuo/nc_67727473/"", ""file"": ""02_ngu_n_3.txt"", ""snippet"": ""「三面鏡洗面化粧台」"", ""confidence"": ""medium""}, ""item_spec"": {""url"": ""https://suumo.jp/ms/shinchiku/tokyo/sc_chuo/nc_67727473/"", ""file"": ""02_ngu_n_3.txt"", ""snippet"": ""鏡の縁に框を配し、開閉時に指紋が付きづらい「三面鏡洗面化粧台」、美しい「天然石カウンタートップ」、ヘッドが引き出せる「シングルレバー水栓」を採用"", ""confidence"": ""medium""}, ""is_included"": {""url"": ""https://suumo.jp/ms/shinchiku/tokyo/sc_chuo/nc_67727473/"", ""file"": ""02_ngu_n_3.txt"", ""snippet"": ""カウンタートップに天然石を採用したシステムキッチン・洗面化粧台、床タイル貼りの廊下・パウダールーム・トイレなど、高級感漂う仕様"", ""confidence"": ""medium""}}"
B5,handover_item,grand_city_tower_tsukishima__may_suoi_say_phong_tam_tes,Máy sưởi – sấy phòng tắm kiểu TES kèm xông hơi sương,grand_city_tower_tsukishima,,,,,,,,,,,,,,,,,,,,,,,,,,,,,,,,,,,,,,,,,,,,,,,,,,,,,,,,,,,,,,,,,,,,,,,,,,,,,,,,,,,,,,,,,,,,,,,,,,,,,,,,,,,grand_city_tower_tsukishima__may_suoi_say_phong_tam_tes,,may_suoi_say_phong_tam_tes,dieu_hoa_thong_gio,Máy sưởi – sấy phòng tắm kiểu TES kèm xông hơi sương,"Kèm chức năng xông hơi dạng sương ở nhiệt độ thấp, độ ẩm cao, không gây ngột ngạt",,,true,,,,,,,,,,,,,,,,,,,,,,,,,,,,,,,,,,,,,,,medium,https://suumo.jp/ms/shinchiku/tokyo/sc_chuo/nc_67727473/,"{""item_code"": {""url"": ""https://suumo.jp/ms/shinchiku/tokyo/sc_chuo/nc_67727473/"", ""file"": ""02_ngu_n_3.txt"", ""snippet"": ""「ミストサウナ」付きの「TES式浴室暖房乾燥機」"", ""confidence"": ""medium""}, ""item_category"": {""url"": ""https://suumo.jp/ms/shinchiku/tokyo/sc_chuo/nc_67727473/"", ""file"": ""02_ngu_n_3.txt"", ""snippet"": ""バスルームには…「TES式浴室暖房乾燥機」…など、快適な設備を装備"", ""confidence"": ""medium""}, ""item_name"": {""url"": ""https://suumo.jp/ms/shinchiku/tokyo/sc_chuo/nc_67727473/"", ""file"": ""02_ngu_n_3.txt"", ""snippet"": ""「ミストサウナ」付きの「TES式浴室暖房乾燥機」"", ""confidence"": ""medium""}, ""item_spec"": {""url"": ""https://suumo.jp/ms/shinchiku/tokyo/sc_chuo/nc_67727473/"", ""file"": ""02_ngu_n_3.txt"", ""snippet"": ""バスルームには、低温・高湿度で息苦しくなくリラックスできる「ミストサウナ」付きの「TES式浴室暖房乾燥機」"", ""confidence"": ""medium""}, ""is_included"": {""url"": ""https://suumo.jp/ms/shinchiku/tokyo/sc_chuo/nc_67727473/"", ""file"": ""02_ngu_n_3.txt"", ""snippet"": ""「TES給湯暖房システム」「エコジョーズ」「節湯水栓」「ミストサウナ」「保温浴槽」「節水シャワーヘッド」「エコガラス」等も採用し"", ""confidence"": ""medium""}}"
B5,handover_item,grand_city_tower_tsukishima__bon_tam_giu_nhiet,Bồn tắm giữ nhiệt,grand_city_tower_tsukishima,,,,,,,,,,,,,,,,,,,,,,,,,,,,,,,,,,,,,,,,,,,,,,,,,,,,,,,,,,,,,,,,,,,,,,,,,,,,,,,,,,,,,,,,,,,,,,,,,,,,,,,,,,,grand_city_tower_tsukishima__bon_tam_giu_nhiet,,bon_tam_giu_nhiet,thiet_bi_ve_sinh,Bồn tắm giữ nhiệt,"Vật liệu mới gốc kính hữu cơ, bề mặt nhẵn mịn chống bám bẩn",,,true,,,,,,,,,,,,,,,,,,,,,,,,,,,,,,,,,,,,,,,medium,https://suumo.jp/ms/shinchiku/tokyo/sc_chuo/nc_67727473/,"{""item_code"": {""url"": ""https://suumo.jp/ms/shinchiku/tokyo/sc_chuo/nc_67727473/"", ""file"": ""02_ngu_n_3.txt"", ""snippet"": ""「保温浴槽」"", ""confidence"": ""medium""}, ""item_category"": {""url"": ""https://suumo.jp/ms/shinchiku/tokyo/sc_chuo/nc_67727473/"", ""file"": ""02_ngu_n_3.txt"", ""snippet"": ""バスルームには…「保温浴槽」、滑らかな表面で汚れをはじく「有機ガラス系新素材」など、快適な設備を装備"", ""confidence"": ""medium""}, ""item_name"": {""url"": ""https://suumo.jp/ms/shinchiku/tokyo/sc_chuo/nc_67727473/"", ""file"": ""02_ngu_n_3.txt"", ""snippet"": ""「保温浴槽」"", ""confidence"": ""medium""}, ""item_spec"": {""url"": ""https://suumo.jp/ms/shinchiku/tokyo/sc_chuo/nc_67727473/"", ""file"": ""02_ngu_n_3.txt"", ""snippet"": ""「保温浴槽」、滑らかな表面で汚れをはじく「有機ガラス系新素材」など、快適な設備を装備"", ""confidence"": ""medium""}, ""is_included"": {""url"": ""https://suumo.jp/ms/shinchiku/tokyo/sc_chuo/nc_67727473/"", ""file"": ""02_ngu_n_3.txt"", ""snippet"": ""「TES給湯暖房システム」「エコジョーズ」「節湯水栓」「ミストサウナ」「保温浴槽」「節水シャワーヘッド」「エコガラス」等も採用し"", ""confidence"": ""medium""}}"
B5,handover_item,grand_city_tower_tsukishima__he_thong_nuoc_nong_suoi_tes,Hệ thống cấp nước nóng và sưởi TES,grand_city_tower_tsukishima,,,,,,,,,,,,,,,,,,,,,,,,,,,,,,,,,,,,,,,,,,,,,,,,,,,,,,,,,,,,,,,,,,,,,,,,,,,,,,,,,,,,,,,,,,,,,,,,,,,,,,,,,,,grand_city_tower_tsukishima__he_thong_nuoc_nong_suoi_tes,,he_thong_nuoc_nong_suoi_tes,dieu_hoa_thong_gio,Hệ thống cấp nước nóng và sưởi TES,,,,true,Thuộc nhóm thiết bị tiết kiệm năng lượng được áp dụng cho căn hộ,,,,,,,,,,,,,,,,,,,,,,,,,,,,,,,,,,,,,,medium,https://suumo.jp/ms/shinchiku/tokyo/sc_chuo/nc_67727473/,"{""item_code"": {""url"": ""https://suumo.jp/ms/shinchiku/tokyo/sc_chuo/nc_67727473/"", ""file"": ""02_ngu_n_3.txt"", ""snippet"": ""「TES給湯暖房システム」"", ""confidence"": ""medium""}, ""item_category"": {""url"": ""https://suumo.jp/ms/shinchiku/tokyo/sc_chuo/nc_67727473/"", ""file"": ""02_ngu_n_3.txt"", ""snippet"": ""「TES給湯暖房システム」「エコジョーズ」…等も採用し、省エネに配慮した快適な暮らしをサポートします。"", ""confidence"": ""medium""}, ""item_name"": {""url"": ""https://suumo.jp/ms/shinchiku/tokyo/sc_chuo/nc_67727473/"", ""file"": ""02_ngu_n_3.txt"", ""snippet"": ""「TES給湯暖房システム」"", ""confidence"": ""medium""}, ""is_included"": {""url"": ""https://suumo.jp/ms/shinchiku/tokyo/sc_chuo/nc_67727473/"", ""file"": ""02_ngu_n_3.txt"", ""snippet"": ""「TES給湯暖房システム」「エコジョーズ」「節湯水栓」「ミストサウナ」「保温浴槽」「節水シャワーヘッド」「エコガラス」等も採用し"", ""confidence"": ""medium""}, ""note"": {""url"": ""https://suumo.jp/ms/shinchiku/tokyo/sc_chuo/nc_67727473/"", ""file"": ""02_ngu_n_3.txt"", ""snippet"": ""等も採用し、省エネに配慮した快適な暮らしをサポートします。"", ""confidence"": ""medium""}}"
B5,handover_item,grand_city_tower_tsukishima__thiet_bi_dun_nuoc_nong_gas_tiet_kiem,Thiết bị đun nước nóng gas hiệu suất cao tiết kiệm năng lượng,grand_city_tower_tsukishima,,,,,,,,,,,,,,,,,,,,,,,,,,,,,,,,,,,,,,,,,,,,,,,,,,,,,,,,,,,,,,,,,,,,,,,,,,,,,,,,,,,,,,,,,,,,,,,,,,,,,,,,,,,grand_city_tower_tsukishima__thiet_bi_dun_nuoc_nong_gas_tiet_kiem,,thiet_bi_dun_nuoc_nong_gas_tiet_kiem,dieu_hoa_thong_gio,Thiết bị đun nước nóng gas hiệu suất cao tiết kiệm năng lượng,,,,true,,,,,,,,,,,,,,,,,,,,,,,,,,,,,,,,,,,,,,,medium,https://suumo.jp/ms/shinchiku/tokyo/sc_chuo/nc_67727473/,"{""item_code"": {""url"": ""https://suumo.jp/ms/shinchiku/tokyo/sc_chuo/nc_67727473/"", ""file"": ""02_ngu_n_3.txt"", ""snippet"": ""「エコジョーズ」"", ""confidence"": ""medium""}, ""item_category"": {""url"": ""https://suumo.jp/ms/shinchiku/tokyo/sc_chuo/nc_67727473/"", ""file"": ""02_ngu_n_3.txt"", ""snippet"": ""「TES給湯暖房システム」「エコジョーズ」…等も採用し、省エネに配慮した快適な暮らしをサポートします。"", ""confidence"": ""medium""}, ""item_name"": {""url"": ""https://suumo.jp/ms/shinchiku/tokyo/sc_chuo/nc_67727473/"", ""file"": ""02_ngu_n_3.txt"", ""snippet"": ""「エコジョーズ」"", ""confidence"": ""medium""}, ""is_included"": {""url"": ""https://suumo.jp/ms/shinchiku/tokyo/sc_chuo/nc_67727473/"", ""file"": ""02_ngu_n_3.txt"", ""snippet"": ""「TES給湯暖房システム」「エコジョーズ」「節湯水栓」「ミストサウナ」「保温浴槽」「節水シャワーヘッド」「エコガラス」等も採用し"", ""confidence"": ""medium""}}"
B5,handover_item,grand_city_tower_tsukishima__voi_tiet_kiem_nuoc,Vòi nước tiết kiệm nước nóng,grand_city_tower_tsukishima,,,,,,,,,,,,,,,,,,,,,,,,,,,,,,,,,,,,,,,,,,,,,,,,,,,,,,,,,,,,,,,,,,,,,,,,,,,,,,,,,,,,,,,,,,,,,,,,,,,,,,,,,,,grand_city_tower_tsukishima__voi_tiet_kiem_nuoc,,voi_tiet_kiem_nuoc,thiet_bi_ve_sinh,Vòi nước tiết kiệm nước nóng,,,,true,,,,,,,,,,,,,,,,,,,,,,,,,,,,,,,,,,,,,,,medium,https://suumo.jp/ms/shinchiku/tokyo/sc_chuo/nc_67727473/,"{""item_code"": {""url"": ""https://suumo.jp/ms/shinchiku/tokyo/sc_chuo/nc_67727473/"", ""file"": ""02_ngu_n_3.txt"", ""snippet"": ""「節湯水栓」"", ""confidence"": ""medium""}, ""item_category"": {""url"": ""https://suumo.jp/ms/shinchiku/tokyo/sc_chuo/nc_67727473/"", ""file"": ""02_ngu_n_3.txt"", ""snippet"": ""「節湯水栓」…等も採用し、省エネに配慮した快適な暮らしをサポートします。"", ""confidence"": ""medium""}, ""item_name"": {""url"": ""https://suumo.jp/ms/shinchiku/tokyo/sc_chuo/nc_67727473/"", ""file"": ""02_ngu_n_3.txt"", ""snippet"": ""「節湯水栓」"", ""confidence"": ""medium""}, ""is_included"": {""url"": ""https://suumo.jp/ms/shinchiku/tokyo/sc_chuo/nc_67727473/"", ""file"": ""02_ngu_n_3.txt"", ""snippet"": ""「TES給湯暖房システム」「エコジョーズ」「節湯水栓」「ミストサウナ」「保温浴槽」「節水シャワーヘッド」「エコガラス」等も採用し"", ""confidence"": ""medium""}}"
B5,handover_item,grand_city_tower_tsukishima__sen_tiet_kiem_nuoc,Đầu sen tắm tiết kiệm nước,grand_city_tower_tsukishima,,,,,,,,,,,,,,,,,,,,,,,,,,,,,,,,,,,,,,,,,,,,,,,,,,,,,,,,,,,,,,,,,,,,,,,,,,,,,,,,,,,,,,,,,,,,,,,,,,,,,,,,,,,grand_city_tower_tsukishima__sen_tiet_kiem_nuoc,,sen_tiet_kiem_nuoc,thiet_bi_ve_sinh,Đầu sen tắm tiết kiệm nước,,,,true,,,,,,,,,,,,,,,,,,,,,,,,,,,,,,,,,,,,,,,medium,https://suumo.jp/ms/shinchiku/tokyo/sc_chuo/nc_67727473/,"{""item_code"": {""url"": ""https://suumo.jp/ms/shinchiku/tokyo/sc_chuo/nc_67727473/"", ""file"": ""02_ngu_n_3.txt"", ""snippet"": ""「節水シャワーヘッド」"", ""confidence"": ""medium""}, ""item_category"": {""url"": ""https://suumo.jp/ms/shinchiku/tokyo/sc_chuo/nc_67727473/"", ""file"": ""02_ngu_n_3.txt"", ""snippet"": ""「節水シャワーヘッド」…等も採用し、省エネに配慮した快適な暮らしをサポートします。"", ""confidence"": ""medium""}, ""item_name"": {""url"": ""https://suumo.jp/ms/shinchiku/tokyo/sc_chuo/nc_67727473/"", ""file"": ""02_ngu_n_3.txt"", ""snippet"": ""「節水シャワーヘッド」"", ""confidence"": ""medium""}, ""is_included"": {""url"": ""https://suumo.jp/ms/shinchiku/tokyo/sc_chuo/nc_67727473/"", ""file"": ""02_ngu_n_3.txt"", ""snippet"": ""「TES給湯暖房システム」「エコジョーズ」「節湯水栓」「ミストサウナ」「保温浴槽」「節水シャワーヘッド」「エコガラス」等も採用し"", ""confidence"": ""medium""}}"
B5,handover_item,grand_city_tower_tsukishima__kinh_tiet_kiem_nang_luong,Kính tiết kiệm năng lượng,grand_city_tower_tsukishima,,,,,,,,,,,,,,,,,,,,,,,,,,,,,,,,,,,,,,,,,,,,,,,,,,,,,,,,,,,,,,,,,,,,,,,,,,,,,,,,,,,,,,,,,,,,,,,,,,,,,,,,,,,grand_city_tower_tsukishima__kinh_tiet_kiem_nang_luong,,kinh_tiet_kiem_nang_luong,cua,Kính tiết kiệm năng lượng,,,,true,,,,,,,,,,,,,,,,,,,,,,,,,,,,,,,,,,,,,,,medium,https://suumo.jp/ms/shinchiku/tokyo/sc_chuo/nc_67727473/,"{""item_code"": {""url"": ""https://suumo.jp/ms/shinchiku/tokyo/sc_chuo/nc_67727473/"", ""file"": ""02_ngu_n_3.txt"", ""snippet"": ""「エコガラス」"", ""confidence"": ""medium""}, ""item_category"": {""url"": ""https://suumo.jp/ms/shinchiku/tokyo/sc_chuo/nc_67727473/"", ""file"": ""02_ngu_n_3.txt"", ""snippet"": ""「エコガラス」等も採用し、省エネに配慮した快適な暮らしをサポートします。"", ""confidence"": ""medium""}, ""item_name"": {""url"": ""https://suumo.jp/ms/shinchiku/tokyo/sc_chuo/nc_67727473/"", ""file"": ""02_ngu_n_3.txt"", ""snippet"": ""「エコガラス」"", ""confidence"": ""medium""}, ""is_included"": {""url"": ""https://suumo.jp/ms/shinchiku/tokyo/sc_chuo/nc_67727473/"", ""file"": ""02_ngu_n_3.txt"", ""snippet"": ""「TES給湯暖房システム」「エコジョーズ」「節湯水栓」「ミストサウナ」「保温浴槽」「節水シャワーヘッド」「エコガラス」等も採用し"", ""confidence"": ""medium""}}"
B5,handover_item,grand_city_tower_tsukishima__dieu_hoa_am_tran_cassette,Điều hoà âm trần kiểu cassette,grand_city_tower_tsukishima,,,,,,,,,,,,,,,,,,,,,,,,,,,,,,,,,,,,,,,,,,,,,,,,,,,,,,,,,,,,,,,,,,,,,,,,,,,,,,,,,,,,,,,,,,,,,,,,,,,,,,,,,,,grand_city_tower_tsukishima__dieu_hoa_am_tran_cassette,grand_city_tower_tsukishima__w_80atr,dieu_hoa_am_tran_cassette,dieu_hoa_thong_gio,Điều hoà âm trần kiểu cassette,"Loại lắp âm trần, giúp khu vực cạnh cửa sổ gọn gàng",,,,Mô tả trong phần giới thiệu căn mẫu loại W-80Atr (bản mở rộng phòng khách); nguồn không nêu rõ thuộc gói bàn giao chuẩn hay tuỳ chọn,,,,,,,,,,,,,,,,,,,,,,,,,,,,,,,,,,,,,,medium,https://suumo.jp/ms/shinchiku/tokyo/sc_chuo/nc_67727473/,"{""applies_to_type_code"": {""url"": ""https://suumo.jp/ms/shinchiku/tokyo/sc_chuo/nc_67727473/"", ""file"": ""02_ngu_n_3.txt"", ""snippet"": ""モデルルームの見どころポイント（W-80Atrタイプ(LD拡大プラン)）"", ""confidence"": ""medium""}, ""item_code"": {""url"": ""https://suumo.jp/ms/shinchiku/tokyo/sc_chuo/nc_67727473/"", ""file"": ""02_ngu_n_3.txt"", ""snippet"": ""埋込型の「天井カセット型エアコン」を装備され"", ""confidence"": ""medium""}, ""item_category"": {""url"": ""https://suumo.jp/ms/shinchiku/tokyo/sc_chuo/nc_67727473/"", ""file"": ""02_ngu_n_3.txt"", ""snippet"": ""埋込型の「天井カセット型エアコン」を装備され、窓辺をすっきり使うことができます"", ""confidence"": ""medium""}, ""item_name"": {""url"": ""https://suumo.jp/ms/shinchiku/tokyo/sc_chuo/nc_67727473/"", ""file"": ""02_ngu_n_3.txt"", ""snippet"": ""「天井カセット型エアコン」"", ""confidence"": ""medium""}, ""item_spec"": {""url"": ""https://suumo.jp/ms/shinchiku/tokyo/sc_chuo/nc_67727473/"", ""file"": ""02_ngu_n_3.txt"", ""snippet"": ""リビング・ダイニングとキッチンを合わせると約23.2畳の大空間に。埋込型の「天井カセット型エアコン」を装備され、窓辺をすっきり使うことができます"", ""confidence"": ""medium""}, ""note"": {""url"": ""https://suumo.jp/ms/shinchiku/tokyo/sc_chuo/nc_67727473/"", ""file"": ""02_ngu_n_3.txt"", ""snippet"": ""※掲載の写真はモデルルーム（W-80Atrタイプ(LD拡大プラン)）を撮影したもので、家具・調度品等オプション仕様は販売価格に含まれておりません。"", ""confidence"": ""medium""}}"
B5,handover_item,grand_city_tower_tsukishima__cua_so_panorama,Cửa sổ panorama toàn cảnh,grand_city_tower_tsukishima,,,,,,,,,,,,,,,,,,,,,,,,,,,,,,,,,,,,,,,,,,,,,,,,,,,,,,,,,,,,,,,,,,,,,,,,,,,,,,,,,,,,,,,,,,,,,,,,,,,,,,,,,,,grand_city_tower_tsukishima__cua_so_panorama,grand_city_tower_tsukishima__w_80atr,cua_so_panorama,cua,Cửa sổ panorama toàn cảnh,"Khung kính vươn lên từ sát chân tường, phòng khách – ăn ở góc Tây Nam không có ban công phía ngoài nên tạo cảm giác hoà vào bầu trời và tầm nhìn mở rộng theo chiều ngang",,,true,Áp dụng cho căn mẫu loại W-80Atr (căn góc từ tầng 31 trở lên),,,,,,,,,,,,,,,,,,,,,,,,,,,,,,,,,,,,,,medium,https://suumo.jp/ms/shinchiku/tokyo/sc_chuo/nc_67727473/,"{""applies_to_type_code"": {""url"": ""https://suumo.jp/ms/shinchiku/tokyo/sc_chuo/nc_67727473/"", ""file"": ""02_ngu_n_3.txt"", ""snippet"": ""モデルルームのW-80Atrタイプは、地上31階以上の上層階角住戸。"", ""confidence"": ""medium""}, ""item_code"": {""url"": ""https://suumo.jp/ms/shinchiku/tokyo/sc_chuo/nc_67727473/"", ""file"": ""02_ngu_n_3.txt"", ""snippet"": ""「ダイナミックパノラマウインドウ」も採用。"", ""confidence"": ""medium""}, ""item_category"": {""url"": ""https://suumo.jp/ms/shinchiku/tokyo/sc_chuo/nc_67727473/"", ""file"": ""02_ngu_n_3.txt"", ""snippet"": ""足元近くから立ち上がる「ダイナミックパノラマウインドウ」も採用。"", ""confidence"": ""medium""}, ""item_name"": {""url"": ""https://suumo.jp/ms/shinchiku/tokyo/sc_chuo/nc_67727473/"", ""file"": ""02_ngu_n_3.txt"", ""snippet"": ""「ダイナミックパノラマウインドウ」"", ""confidence"": ""medium""}, ""item_spec"": {""url"": ""https://suumo.jp/ms/shinchiku/tokyo/sc_chuo/nc_67727473/"", ""file"": ""02_ngu_n_3.txt"", ""snippet"": ""建物南西コーナーにあたるリビング・ダイニングには、足元近くから立ち上がる「ダイナミックパノラマウインドウ」も採用。部屋の外にバルコニーがないため、空との一体感をもたらす圧倒的な開放感と、視界がひときわワイドに広がるダイナミックな眺望（ダイレクトスカイビュー）を座ったままでも楽しむことができます。"", ""confidence"": ""medium""}, ""is_included"": {""url"": ""https://suumo.jp/ms/shinchiku/tokyo/sc_chuo/nc_67727473/"", ""file"": ""02_ngu_n_3.txt"", ""snippet"": ""「ダイナミックパノラマウインドウ」を採用したリビング・ダイニング。"", ""confidence"": ""medium""}, ""note"": {""url"": ""https://suumo.jp/ms/shinchiku/tokyo/sc_chuo/nc_67727473/"", ""file"": ""02_ngu_n_3.txt"", ""snippet"": ""モデルルームのW-80Atrタイプは、地上31階以上の上層階角住戸。LD拡大プランにより、約20畳の広々としたリビング・ダイニングが実現しています。"", ""confidence"": ""medium""}}"
B5,handover_item,grand_city_tower_tsukishima__san_suoi,Sàn sưởi,grand_city_tower_tsukishima,,,,,,,,,,,,,,,,,,,,,,,,,,,,,,,,,,,,,,,,,,,,,,,,,,,,,,,,,,,,,,,,,,,,,,,,,,,,,,,,,,,,,,,,,,,,,,,,,,,,,,,,,,,grand_city_tower_tsukishima__san_suoi,,san_suoi,dieu_hoa_thong_gio,Sàn sưởi,,,,true,Liệt kê trong danh mục đặc điểm thiết bị của dự án,,,,,,,,,,,,,,,,,,,,,,,,,,,,,,,,,,,,,,medium,https://www.major7.net/Bukkendetail/00000010001160,"{""item_code"": {""url"": ""https://www.major7.net/Bukkendetail/00000010001160"", ""file"": ""03_ngu_n_4.txt"", ""snippet"": ""この物件のこだわり … 床暖房 食器洗い乾燥機 ディスポーザー 浴室乾燥機"", ""confidence"": ""medium""}, ""item_category"": {""url"": ""https://www.major7.net/Bukkendetail/00000010001160"", ""file"": ""03_ngu_n_4.txt"", ""snippet"": ""床暖房"", ""confidence"": ""medium""}, ""item_name"": {""url"": ""https://www.major7.net/Bukkendetail/00000010001160"", ""file"": ""03_ngu_n_4.txt"", ""snippet"": ""床暖房"", ""confidence"": ""medium""}, ""is_included"": {""url"": ""https://www.major7.net/Bukkendetail/00000010001160"", ""file"": ""03_ngu_n_4.txt"", ""snippet"": ""この物件のこだわり … 床暖房 食器洗い乾燥機 ディスポーザー 浴室乾燥機 ブロードバンド"", ""confidence"": ""medium""}, ""note"": {""url"": ""https://www.major7.net/Bukkendetail/00000010001160"", ""file"": ""03_ngu_n_4.txt"", ""snippet"": ""この物件のこだわり"", ""confidence"": ""medium""}}"
B5,handover_item,grand_city_tower_tsukishima__internet_bang_thong_rong,Hạ tầng internet băng thông rộng,grand_city_tower_tsukishima,,,,,,,,,,,,,,,,,,,,,,,,,,,,,,,,,,,,,,,,,,,,,,,,,,,,,,,,,,,,,,,,,,,,,,,,,,,,,,,,,,,,,,,,,,,,,,,,,,,,,,,,,,,grand_city_tower_tsukishima__internet_bang_thong_rong,,internet_bang_thong_rong,thiet_bi_dien,Hạ tầng internet băng thông rộng,,,,true,,,,,,,,,,,,,,,,,,,,,,,,,,,,,,,,,,,,,,,medium,https://www.major7.net/Bukkendetail/00000010001160,"{""item_code"": {""url"": ""https://www.major7.net/Bukkendetail/00000010001160"", ""file"": ""03_ngu_n_4.txt"", ""snippet"": ""ブロードバンド"", ""confidence"": ""medium""}, ""item_category"": {""url"": ""https://www.major7.net/Bukkendetail/00000010001160"", ""file"": ""03_ngu_n_4.txt"", ""snippet"": ""この物件のこだわり … ブロードバンド ペット飼育可"", ""confidence"": ""medium""}, ""item_name"": {""url"": ""https://www.major7.net/Bukkendetail/00000010001160"", ""file"": ""03_ngu_n_4.txt"", ""snippet"": ""ブロードバンド"", ""confidence"": ""medium""}, ""is_included"": {""url"": ""https://www.major7.net/Bukkendetail/00000010001160"", ""file"": ""03_ngu_n_4.txt"", ""snippet"": ""この物件のこだわり … 浴室乾燥機 ブロードバンド ペット飼育可"", ""confidence"": ""medium""}}"
B5,handover_item,grand_city_tower_tsukishima__camera_an_ninh,Camera giám sát an ninh,grand_city_tower_tsukishima,,,,,,,,,,,,,,,,,,,,,,,,,,,,,,,,,,,,,,,,,,,,,,,,,,,,,,,,,,,,,,,,,,,,,,,,,,,,,,,,,,,,,,,,,,,,,,,,,,,,,,,,,,,grand_city_tower_tsukishima__camera_an_ninh,,camera_an_ninh,an_ninh_pccc,Camera giám sát an ninh,,,,true,,,,,,,,,,,,,,,,,,,,,,,,,,,,,,,,,,,,,,,medium,https://www.major7.net/Bukkendetail/00000010001160,"{""item_code"": {""url"": ""https://www.major7.net/Bukkendetail/00000010001160"", ""file"": ""03_ngu_n_4.txt"", ""snippet"": ""防犯カメラ"", ""confidence"": ""medium""}, ""item_category"": {""url"": ""https://www.major7.net/Bukkendetail/00000010001160"", ""file"": ""03_ngu_n_4.txt"", ""snippet"": ""この物件のこだわり … ごみ出し24時間OK 防犯カメラ"", ""confidence"": ""medium""}, ""item_name"": {""url"": ""https://www.major7.net/Bukkendetail/00000010001160"", ""file"": ""03_ngu_n_4.txt"", ""snippet"": ""防犯カメラ"", ""confidence"": ""medium""}, ""is_included"": {""url"": ""https://www.major7.net/Bukkendetail/00000010001160"", ""file"": ""03_ngu_n_4.txt"", ""snippet"": ""この物件のこだわり … キッズルーム ごみ出し24時間OK 防犯カメラ"", ""confidence"": ""medium""}}"
B5,handover_item,grand_city_tower_tsukishima__sanh_can_ho_tu_giay_lon,Sảnh căn hộ có tủ giày dung tích lớn,grand_city_tower_tsukishima,,,,,,,,,,,,,,,,,,,,,,,,,,,,,,,,,,,,,,,,,,,,,,,,,,,,,,,,,,,,,,,,,,,,,,,,,,,,,,,,,,,,,,,,,,,,,,,,,,,,,,,,,,,grand_city_tower_tsukishima__sanh_can_ho_tu_giay_lon,,sanh_can_ho_tu_giay_lon,cua,Sảnh căn hộ có tủ giày dung tích lớn,"Sảnh vào đủ chiều sâu để đưa xe đẩy trẻ em (còn cả bé ngồi trên xe) vào trong; tủ giày cao gần trần, phần dưới dùng cất giày đi hằng ngày",,,true,Mô tả tại căn mẫu; nguồn không nêu mã loại căn cụ thể cho hạng mục này,,,,,,,,,,,,,,,,,,,,,,,,,,,,,,,,,,,,,,low,https://suumo.jp/ms/shinchiku/tokyo/sc_chuo/nc_67727473/,"{""item_code"": {""url"": ""https://suumo.jp/ms/shinchiku/tokyo/sc_chuo/nc_67727473/"", ""file"": ""02_ngu_n_3.txt"", ""snippet"": ""玄関には、子どもを乗せたままベビーカーを乗り入れられる奥行きを確保。"", ""confidence"": ""low""}, ""item_category"": {""url"": ""https://suumo.jp/ms/shinchiku/tokyo/sc_chuo/nc_67727473/"", ""file"": ""02_ngu_n_3.txt"", ""snippet"": ""玄関には…天井近くの高さがある大容量の下足入の下部には、普段使いの靴が収められます"", ""confidence"": ""low""}, ""item_name"": {""url"": ""https://suumo.jp/ms/shinchiku/tokyo/sc_chuo/nc_67727473/"", ""file"": ""02_ngu_n_3.txt"", ""snippet"": ""大容量の下足入"", ""confidence"": ""low""}, ""item_spec"": {""url"": ""https://suumo.jp/ms/shinchiku/tokyo/sc_chuo/nc_67727473/"", ""file"": ""02_ngu_n_3.txt"", ""snippet"": ""玄関には、子どもを乗せたままベビーカーを乗り入れられる奥行きを確保。天井近くの高さがある大容量の下足入の下部には、普段使いの靴が収められます"", ""confidence"": ""low""}, ""is_included"": {""url"": ""https://suumo.jp/ms/shinchiku/tokyo/sc_chuo/nc_67727473/"", ""file"": ""02_ngu_n_3.txt"", ""snippet"": ""【機能美にあふれた室内空間。家事の負担を軽減する先進設備も標準装備】"", ""confidence"": ""low""}, ""note"": {""url"": ""https://suumo.jp/ms/shinchiku/tokyo/sc_chuo/nc_67727473/"", ""file"": ""02_ngu_n_3.txt"", ""snippet"": ""※掲載の室内写真は、モデルルーム（N-75Aタイプ）を撮影（2023年4月）したもので、家具・調度品等オプション仕様は販売価格に含まれておりません。"", ""confidence"": ""low""}}"
B6,amenity,grand_city_tower_tsukishima__grand_entrance_hall,Sảnh vào chính thông tầng hai lớp,grand_city_tower_tsukishima,,,,,,,,,,,,,,,,,,,,,,,,,,,,,,,,,,,,,,,,,,,,,,,,,,,,,,,,,,,,,,,,,,,,,,,,,,,,,,,,,,,,,,,,,,,,,,,,,,,,,,,,,,,,,,,,,,,,,grand_city_tower_tsukishima__grand_entrance_hall,dich_vu_le_tan,Sảnh vào chính thông tầng hai lớp,グランドエントランスホール,,,true,,,true,,,,,,,,,,,,,,,,,,,,,,,,,,,,medium,https://suumo.jp/ms/shinchiku/tokyo/sc_chuo/nc_67727473/,"{""slug"": {""url"": ""https://suumo.jp/ms/shinchiku/tokyo/sc_chuo/nc_67727473/"", ""file"": ""02_ngu_n_3.txt"", ""snippet"": ""2層吹き抜けの「グランドエントランスホール」やモダンデザインの家具を設えた「ラウンジスペース」"", ""confidence"": ""medium""}, ""amenity_category"": {""url"": ""https://suumo.jp/ms/shinchiku/tokyo/sc_chuo/nc_67727473/"", ""file"": ""02_ngu_n_3.txt"", ""snippet"": ""2層吹き抜けの「グランドエントランスホール」やモダンデザインの家具を設えた「ラウンジスペース」"", ""confidence"": ""medium""}, ""amenity_name"": {""url"": ""https://suumo.jp/ms/shinchiku/tokyo/sc_chuo/nc_67727473/"", ""file"": ""02_ngu_n_3.txt"", ""snippet"": ""2層吹き抜けの「グランドエントランスホール」やモダンデザインの家具を設えた「ラウンジスペース」"", ""confidence"": ""medium""}, ""amenity_name_local"": {""url"": ""https://suumo.jp/ms/shinchiku/tokyo/sc_chuo/nc_67727473/"", ""file"": ""02_ngu_n_3.txt"", ""snippet"": ""2層吹き抜けの「グランドエントランスホール」"", ""confidence"": ""medium""}, ""is_indoor"": {""url"": ""https://suumo.jp/ms/shinchiku/tokyo/sc_chuo/nc_67727473/"", ""file"": ""02_ngu_n_3.txt"", ""snippet"": ""2層吹き抜けの「グランドエントランスホール」…ホテルライクな共用空間も魅力的なタワーレジデンス。"", ""confidence"": ""medium""}, ""is_highlight"": {""url"": ""https://suumo.jp/ms/shinchiku/tokyo/sc_chuo/nc_67727473/"", ""file"": ""02_ngu_n_3.txt"", ""snippet"": ""2層吹き抜けの「グランドエントランスホール」…ホテルライクな共用空間も魅力的なタワーレジデンス。"", ""confidence"": ""medium""}}"
B6,amenity,grand_city_tower_tsukishima__lounge_space,Khu sảnh nghỉ bố trí nội thất thiết kế hiện đại,grand_city_tower_tsukishima,,,,,,,,,,,,,,,,,,,,,,,,,,,,,,,,,,,,,,,,,,,,,,,,,,,,,,,,,,,,,,,,,,,,,,,,,,,,,,,,,,,,,,,,,,,,,,,,,,,,,,,,,,,,,,,,,,,,,grand_city_tower_tsukishima__lounge_space,cong_dong_su_kien,Khu sảnh nghỉ bố trí nội thất thiết kế hiện đại,ラウンジスペース,,,true,,,false,,,,,,,,,,,,,,,,,,,,,,,,,,,,medium,https://suumo.jp/ms/shinchiku/tokyo/sc_chuo/nc_67727473/,"{""slug"": {""url"": ""https://suumo.jp/ms/shinchiku/tokyo/sc_chuo/nc_67727473/"", ""file"": ""02_ngu_n_3.txt"", ""snippet"": ""モダンデザインの家具を設えた「ラウンジスペース」"", ""confidence"": ""medium""}, ""amenity_category"": {""url"": ""https://suumo.jp/ms/shinchiku/tokyo/sc_chuo/nc_67727473/"", ""file"": ""02_ngu_n_3.txt"", ""snippet"": ""モダンデザインの家具を設えた「ラウンジスペース」"", ""confidence"": ""medium""}, ""amenity_name"": {""url"": ""https://suumo.jp/ms/shinchiku/tokyo/sc_chuo/nc_67727473/"", ""file"": ""02_ngu_n_3.txt"", ""snippet"": ""モダンデザインの家具を設えた「ラウンジスペース」"", ""confidence"": ""medium""}, ""amenity_name_local"": {""url"": ""https://suumo.jp/ms/shinchiku/tokyo/sc_chuo/nc_67727473/"", ""file"": ""02_ngu_n_3.txt"", ""snippet"": ""モダンデザインの家具を設えた「ラウンジスペース」"", ""confidence"": ""medium""}, ""is_indoor"": {""url"": ""https://suumo.jp/ms/shinchiku/tokyo/sc_chuo/nc_67727473/"", ""file"": ""02_ngu_n_3.txt"", ""snippet"": ""モダンデザインの家具を設えた「ラウンジスペース」…ホテルライクな共用空間も魅力的なタワーレジデンス。"", ""confidence"": ""medium""}, ""is_highlight"": {""url"": ""https://suumo.jp/ms/shinchiku/tokyo/sc_chuo/nc_67727473/"", ""file"": ""02_ngu_n_3.txt"", ""snippet"": ""モダンデザインの家具を設えた「ラウンジスペース」"", ""confidence"": ""medium""}}"
B6,amenity,grand_city_tower_tsukishima__coach_entrance,Lối đón trả khách bằng ô tô (2 vị trí),grand_city_tower_tsukishima,,,,,,,,,,,,,,,,,,,,,,,,,,,,,,,,,,,,,,,,,,,,,,,,,,,,,,,,,,,,,,,,,,,,,,,,,,,,,,,,,,,,,,,,,,,,,,,,,,,,,,,,,,,,,,,,,,,,,grand_city_tower_tsukishima__coach_entrance,dich_vu_le_tan,Lối đón trả khách bằng ô tô (2 vị trí),コーチエントランス,,,,,,false,,,,,,,,,,,,,,,,,,,,,,,,,,,,medium,https://suumo.jp/ms/shinchiku/tokyo/sc_chuo/nc_67727473/,"{""slug"": {""url"": ""https://suumo.jp/ms/shinchiku/tokyo/sc_chuo/nc_67727473/"", ""file"": ""02_ngu_n_3.txt"", ""snippet"": ""2箇所の「コーチエントランス」、「内廊下」をはじめ、ホテルライクな共用空間も魅力的なタワーレジデンス。"", ""confidence"": ""medium""}, ""amenity_category"": {""url"": ""https://suumo.jp/ms/shinchiku/tokyo/sc_chuo/nc_67727473/"", ""file"": ""02_ngu_n_3.txt"", ""snippet"": ""2箇所の「コーチエントランス」、「内廊下」をはじめ、ホテルライクな共用空間も魅力的なタワーレジデンス。"", ""confidence"": ""medium""}, ""amenity_name"": {""url"": ""https://suumo.jp/ms/shinchiku/tokyo/sc_chuo/nc_67727473/"", ""file"": ""02_ngu_n_3.txt"", ""snippet"": ""2箇所の「コーチエントランス」"", ""confidence"": ""medium""}, ""amenity_name_local"": {""url"": ""https://suumo.jp/ms/shinchiku/tokyo/sc_chuo/nc_67727473/"", ""file"": ""02_ngu_n_3.txt"", ""snippet"": ""2箇所の「コーチエントランス」"", ""confidence"": ""medium""}, ""is_highlight"": {""url"": ""https://suumo.jp/ms/shinchiku/tokyo/sc_chuo/nc_67727473/"", ""file"": ""02_ngu_n_3.txt"", ""snippet"": ""2箇所の「コーチエントランス」"", ""confidence"": ""medium""}}"
B6,amenity,grand_city_tower_tsukishima__sky_lounge,Sảnh nghỉ trên cao ngắm cảnh,grand_city_tower_tsukishima,,,,,,,,,,,,,,,,,,,,,,,,,,,,,,,,,,,,,,,,,,,,,,,,,,,,,,,,,,,,,,,,,,,,,,,,,,,,,,,,,,,,,,,,,,,,,,,,,,,,,,,,,,,,,,,,,,,,,grand_city_tower_tsukishima__sky_lounge,cong_dong_su_kien,Sảnh nghỉ trên cao ngắm cảnh,スカイラウンジ,tang_trung,30,true,,,true,,,,,,,,,,,,,,,,,,,,,,,,,,,,medium,https://suumo.jp/ms/shinchiku/tokyo/sc_chuo/nc_67727473/,"{""slug"": {""url"": ""https://suumo.jp/ms/shinchiku/tokyo/sc_chuo/nc_67727473/"", ""file"": ""02_ngu_n_3.txt"", ""snippet"": ""隅田川や都心の眺望が楽しめる30階の「スカイラウンジ」と「パーティルーム」"", ""confidence"": ""medium""}, ""amenity_category"": {""url"": ""https://suumo.jp/ms/shinchiku/tokyo/sc_chuo/nc_67727473/"", ""file"": ""02_ngu_n_3.txt"", ""snippet"": ""隅田川や都心の眺望が楽しめる30階の「スカイラウンジ」と「パーティルーム」"", ""confidence"": ""medium""}, ""amenity_name"": {""url"": ""https://suumo.jp/ms/shinchiku/tokyo/sc_chuo/nc_67727473/"", ""file"": ""02_ngu_n_3.txt"", ""snippet"": ""隅田川や都心の眺望が楽しめる30階の「スカイラウンジ」と「パーティルーム」"", ""confidence"": ""medium""}, ""amenity_name_local"": {""url"": ""https://suumo.jp/ms/shinchiku/tokyo/sc_chuo/nc_67727473/"", ""file"": ""02_ngu_n_3.txt"", ""snippet"": ""30階の「スカイラウンジ」"", ""confidence"": ""medium""}, ""location"": {""url"": ""https://suumo.jp/ms/shinchiku/tokyo/sc_chuo/nc_67727473/"", ""file"": ""02_ngu_n_3.txt"", ""snippet"": ""地上30階のスカイラウンジから家庭菜園まで、大規模物件ならではの多彩な共用施設"", ""confidence"": ""medium""}, ""floor_level"": {""url"": ""https://suumo.jp/ms/shinchiku/tokyo/sc_chuo/nc_67727473/"", ""file"": ""02_ngu_n_3.txt"", ""snippet"": ""地上30階のスカイラウンジから家庭菜園まで、大規模物件ならではの多彩な共用施設"", ""confidence"": ""medium""}, ""is_indoor"": {""url"": ""https://suumo.jp/ms/shinchiku/tokyo/sc_chuo/nc_67727473/"", ""file"": ""02_ngu_n_3.txt"", ""snippet"": ""スカイラウンジ完成予想図（現地30階相当より北方向を撮影した写真（2022年6月撮影）に計画段階の図面を基に描き起こしたもので、実際とは多少異なります）"", ""confidence"": ""medium""}, ""is_highlight"": {""url"": ""https://suumo.jp/ms/shinchiku/tokyo/sc_chuo/nc_67727473/"", ""file"": ""02_ngu_n_3.txt"", ""snippet"": ""地上30階のスカイラウンジから家庭菜園まで、大規模物件ならではの多彩な共用施設"", ""confidence"": ""medium""}}"
B6,amenity,grand_city_tower_tsukishima__party_room,Phòng tiệc,grand_city_tower_tsukishima,,,,,,,,,,,,,,,,,,,,,,,,,,,,,,,,,,,,,,,,,,,,,,,,,,,,,,,,,,,,,,,,,,,,,,,,,,,,,,,,,,,,,,,,,,,,,,,,,,,,,,,,,,,,,,,,,,,,,grand_city_tower_tsukishima__party_room,cong_dong_su_kien,Phòng tiệc,パーティルーム,tang_trung,30,true,,,true,,,,,,,,,,,,,,,,,,,,,,,,,,,,medium,https://suumo.jp/ms/shinchiku/tokyo/sc_chuo/nc_67727473/,"{""slug"": {""url"": ""https://suumo.jp/ms/shinchiku/tokyo/sc_chuo/nc_67727473/"", ""file"": ""02_ngu_n_3.txt"", ""snippet"": ""隅田川や都心の眺望が楽しめる30階の「スカイラウンジ」と「パーティルーム」"", ""confidence"": ""medium""}, ""amenity_category"": {""url"": ""https://suumo.jp/ms/shinchiku/tokyo/sc_chuo/nc_67727473/"", ""file"": ""02_ngu_n_3.txt"", ""snippet"": ""隅田川や都心の眺望が楽しめる30階の「スカイラウンジ」と「パーティルーム」"", ""confidence"": ""medium""}, ""amenity_name"": {""url"": ""https://suumo.jp/ms/shinchiku/tokyo/sc_chuo/nc_67727473/"", ""file"": ""02_ngu_n_3.txt"", ""snippet"": ""隅田川や都心の眺望が楽しめる30階の「スカイラウンジ」と「パーティルーム」"", ""confidence"": ""medium""}, ""amenity_name_local"": {""url"": ""https://suumo.jp/ms/shinchiku/tokyo/sc_chuo/nc_67727473/"", ""file"": ""02_ngu_n_3.txt"", ""snippet"": ""30階の「スカイラウンジ」と「パーティルーム」"", ""confidence"": ""medium""}, ""location"": {""url"": ""https://suumo.jp/ms/shinchiku/tokyo/sc_chuo/nc_67727473/"", ""file"": ""02_ngu_n_3.txt"", ""snippet"": ""隅田川や都心の眺望が楽しめる30階の「スカイラウンジ」と「パーティルーム」"", ""confidence"": ""medium""}, ""floor_level"": {""url"": ""https://suumo.jp/ms/shinchiku/tokyo/sc_chuo/nc_67727473/"", ""file"": ""02_ngu_n_3.txt"", ""snippet"": ""隅田川や都心の眺望が楽しめる30階の「スカイラウンジ」と「パーティルーム」"", ""confidence"": ""medium""}, ""is_indoor"": {""url"": ""https://suumo.jp/ms/shinchiku/tokyo/sc_chuo/nc_67727473/"", ""file"": ""02_ngu_n_3.txt"", ""snippet"": ""【パーティルーム完成予想図】"", ""confidence"": ""medium""}, ""is_highlight"": {""url"": ""https://suumo.jp/ms/shinchiku/tokyo/sc_chuo/nc_67727473/"", ""file"": ""02_ngu_n_3.txt"", ""snippet"": ""隅田川や都心の眺望が楽しめる30階の「スカイラウンジ」と「パーティルーム」"", ""confidence"": ""medium""}}"
B6,amenity,grand_city_tower_tsukishima__telework_lounge,Sảnh làm việc từ xa,grand_city_tower_tsukishima,,,,,,,,,,,,,,,,,,,,,,,,,,,,,,,,,,,,,,,,,,,,,,,,,,,,,,,,,,,,,,,,,,,,,,,,,,,,,,,,,,,,,,,,,,,,,,,,,,,,,,,,,,,,,,,,,,,,,grand_city_tower_tsukishima__telework_lounge,khong_gian_lam_viec,Sảnh làm việc từ xa,テレワークラウンジ,,,true,,,true,,,,,,,,,,,,,,,,,,,,,,,,,,,,medium,https://suumo.jp/ms/shinchiku/tokyo/sc_chuo/nc_67727473/,"{""slug"": {""url"": ""https://suumo.jp/ms/shinchiku/tokyo/sc_chuo/nc_67727473/"", ""file"": ""02_ngu_n_3.txt"", ""snippet"": ""サードプレイスとして活用できる「テレワークラウンジ」"", ""confidence"": ""medium""}, ""amenity_category"": {""url"": ""https://suumo.jp/ms/shinchiku/tokyo/sc_chuo/nc_67727473/"", ""file"": ""02_ngu_n_3.txt"", ""snippet"": ""サードプレイスとして活用できる「テレワークラウンジ」"", ""confidence"": ""medium""}, ""amenity_name"": {""url"": ""https://suumo.jp/ms/shinchiku/tokyo/sc_chuo/nc_67727473/"", ""file"": ""02_ngu_n_3.txt"", ""snippet"": ""サードプレイスとして活用できる「テレワークラウンジ」"", ""confidence"": ""medium""}, ""amenity_name_local"": {""url"": ""https://suumo.jp/ms/shinchiku/tokyo/sc_chuo/nc_67727473/"", ""file"": ""02_ngu_n_3.txt"", ""snippet"": ""サードプレイスとして活用できる「テレワークラウンジ」"", ""confidence"": ""medium""}, ""is_indoor"": {""url"": ""https://suumo.jp/ms/shinchiku/tokyo/sc_chuo/nc_67727473/"", ""file"": ""02_ngu_n_3.txt"", ""snippet"": ""テレワークラウンジ完成予想図（計画段階の図面を基に描き起こしたものに人物等をCG合成したもので、実際とは多少異なります）"", ""confidence"": ""medium""}, ""is_highlight"": {""url"": ""https://suumo.jp/ms/shinchiku/tokyo/sc_chuo/nc_67727473/"", ""file"": ""02_ngu_n_3.txt"", ""snippet"": ""サードプレイスとして活用できる「テレワークラウンジ」"", ""confidence"": ""medium""}}"
B6,amenity,grand_city_tower_tsukishima__kids_room,Phòng vui chơi trẻ em (kiêm phòng họp cư dân),grand_city_tower_tsukishima,,,,,,,,,,,,,,,,,,,,,,,,,,,,,,,,,,,,,,,,,,,,,,,,,,,,,,,,,,,,,,,,,,,,,,,,,,,,,,,,,,,,,,,,,,,,,,,,,,,,,,,,,,,,,,,,,,,,,grand_city_tower_tsukishima__kids_room,tre_em,Phòng vui chơi trẻ em (kiêm phòng họp cư dân),キッズルーム（集会室）,,,true,,,true,,,,,,,,,,,,,,,,,,,,,,,,,,,,medium,https://suumo.jp/ms/shinchiku/tokyo/sc_chuo/nc_67727473/,"{""slug"": {""url"": ""https://suumo.jp/ms/shinchiku/tokyo/sc_chuo/nc_67727473/"", ""file"": ""02_ngu_n_3.txt"", ""snippet"": ""天候を気にせず安心して遊ばせられる「キッズルーム（集会室）」"", ""confidence"": ""medium""}, ""amenity_category"": {""url"": ""https://suumo.jp/ms/shinchiku/tokyo/sc_chuo/nc_67727473/"", ""file"": ""02_ngu_n_3.txt"", ""snippet"": ""天候を気にせず安心して遊ばせられる「キッズルーム（集会室）」"", ""confidence"": ""medium""}, ""amenity_name"": {""url"": ""https://suumo.jp/ms/shinchiku/tokyo/sc_chuo/nc_67727473/"", ""file"": ""02_ngu_n_3.txt"", ""snippet"": ""天候を気にせず安心して遊ばせられる「キッズルーム（集会室）」"", ""confidence"": ""medium""}, ""amenity_name_local"": {""url"": ""https://suumo.jp/ms/shinchiku/tokyo/sc_chuo/nc_67727473/"", ""file"": ""02_ngu_n_3.txt"", ""snippet"": ""「キッズルーム（集会室）」"", ""confidence"": ""medium""}, ""is_indoor"": {""url"": ""https://suumo.jp/ms/shinchiku/tokyo/sc_chuo/nc_67727473/"", ""file"": ""02_ngu_n_3.txt"", ""snippet"": ""天候を気にせず安心して遊ばせられる「キッズルーム（集会室）」"", ""confidence"": ""medium""}, ""is_highlight"": {""url"": ""https://suumo.jp/ms/shinchiku/tokyo/sc_chuo/nc_67727473/"", ""file"": ""02_ngu_n_3.txt"", ""snippet"": ""天候を気にせず安心して遊ばせられる「キッズルーム（集会室）」"", ""confidence"": ""medium""}}"
B6,amenity,grand_city_tower_tsukishima__tsukishima_farm,Vườn rau gia đình trên mái Tsukishima FARM,grand_city_tower_tsukishima,,,,,,,,,,,,,,,,,,,,,,,,,,,,,,,,,,,,,,,,,,,,,,,,,,,,,,,,,,,,,,,,,,,,,,,,,,,,,,,,,,,,,,,,,,,,,,,,,,,,,,,,,,,,,,,,,,,,,grand_city_tower_tsukishima__tsukishima_farm,canh_quan_vuon,Vườn rau gia đình trên mái Tsukishima FARM,つきしまFARM,ngoai_troi,mái tầng 3,false,,,true,,,,,,,,,,,,,,,,,,,,,,,,,,,,medium,https://suumo.jp/ms/shinchiku/tokyo/sc_chuo/nc_67727473/,"{""slug"": {""url"": ""https://suumo.jp/ms/shinchiku/tokyo/sc_chuo/nc_67727473/"", ""file"": ""02_ngu_n_3.txt"", ""snippet"": ""3階屋上の家庭菜園「つきしまFARM」"", ""confidence"": ""medium""}, ""amenity_category"": {""url"": ""https://suumo.jp/ms/shinchiku/tokyo/sc_chuo/nc_67727473/"", ""file"": ""02_ngu_n_3.txt"", ""snippet"": ""3階屋上の家庭菜園「つきしまFARM」"", ""confidence"": ""medium""}, ""amenity_name"": {""url"": ""https://suumo.jp/ms/shinchiku/tokyo/sc_chuo/nc_67727473/"", ""file"": ""02_ngu_n_3.txt"", ""snippet"": ""3階屋上の家庭菜園「つきしまFARM」"", ""confidence"": ""medium""}, ""amenity_name_local"": {""url"": ""https://suumo.jp/ms/shinchiku/tokyo/sc_chuo/nc_67727473/"", ""file"": ""02_ngu_n_3.txt"", ""snippet"": ""3階屋上の家庭菜園「つきしまFARM」"", ""confidence"": ""medium""}, ""location"": {""url"": ""https://suumo.jp/ms/shinchiku/tokyo/sc_chuo/nc_67727473/"", ""file"": ""02_ngu_n_3.txt"", ""snippet"": ""3階屋上の家庭菜園「つきしまFARM」"", ""confidence"": ""medium""}, ""floor_level"": {""url"": ""https://suumo.jp/ms/shinchiku/tokyo/sc_chuo/nc_67727473/"", ""file"": ""02_ngu_n_3.txt"", ""snippet"": ""3階屋上の家庭菜園「つきしまFARM」"", ""confidence"": ""medium""}, ""is_indoor"": {""url"": ""https://suumo.jp/ms/shinchiku/tokyo/sc_chuo/nc_67727473/"", ""file"": ""02_ngu_n_3.txt"", ""snippet"": ""3階屋上の家庭菜園「つきしまFARM」"", ""confidence"": ""medium""}, ""is_highlight"": {""url"": ""https://suumo.jp/ms/shinchiku/tokyo/sc_chuo/nc_67727473/"", ""file"": ""02_ngu_n_3.txt"", ""snippet"": ""地上30階のスカイラウンジから家庭菜園まで、大規模物件ならではの多彩な共用施設"", ""confidence"": ""medium""}}"
B6,amenity,grand_city_tower_tsukishima__guest_room,Phòng lưu trú cho khách (2 phòng: kiểu Nhật và kiểu Tây),grand_city_tower_tsukishima,,,,,,,,,,,,,,,,,,,,,,,,,,,,,,,,,,,,,,,,,,,,,,,,,,,,,,,,,,,,,,,,,,,,,,,,,,,,,,,,,,,,,,,,,,,,,,,,,,,,,,,,,,,,,,,,,,,,,grand_city_tower_tsukishima__guest_room,cong_dong_su_kien,Phòng lưu trú cho khách (2 phòng: kiểu Nhật và kiểu Tây),ゲストルーム,,,true,,,true,,,,,,,,,,,,,,,,,,,,,,,,,,,,medium,https://suumo.jp/ms/shinchiku/tokyo/sc_chuo/nc_67727473/,"{""slug"": {""url"": ""https://suumo.jp/ms/shinchiku/tokyo/sc_chuo/nc_67727473/"", ""file"": ""02_ngu_n_3.txt"", ""snippet"": ""和・洋2室の「ゲストルーム」など多彩な共用施設（※3）も用意され"", ""confidence"": ""medium""}, ""amenity_category"": {""url"": ""https://suumo.jp/ms/shinchiku/tokyo/sc_chuo/nc_67727473/"", ""file"": ""02_ngu_n_3.txt"", ""snippet"": ""和・洋2室の「ゲストルーム」など多彩な共用施設（※3）も用意され"", ""confidence"": ""medium""}, ""amenity_name"": {""url"": ""https://suumo.jp/ms/shinchiku/tokyo/sc_chuo/nc_67727473/"", ""file"": ""02_ngu_n_3.txt"", ""snippet"": ""和・洋2室の「ゲストルーム」など多彩な共用施設（※3）も用意され"", ""confidence"": ""medium""}, ""amenity_name_local"": {""url"": ""https://suumo.jp/ms/shinchiku/tokyo/sc_chuo/nc_67727473/"", ""file"": ""02_ngu_n_3.txt"", ""snippet"": ""和・洋2室の「ゲストルーム」"", ""confidence"": ""medium""}, ""is_indoor"": {""url"": ""https://suumo.jp/ms/shinchiku/tokyo/sc_chuo/nc_67727473/"", ""file"": ""02_ngu_n_3.txt"", ""snippet"": ""ゲストルーム1完成予想図（計画段階の図面を基に描き起こしたもので、実際とは多少異なります）"", ""confidence"": ""medium""}, ""is_highlight"": {""url"": ""https://suumo.jp/ms/shinchiku/tokyo/sc_chuo/nc_67727473/"", ""file"": ""02_ngu_n_3.txt"", ""snippet"": ""和・洋2室の「ゲストルーム」など多彩な共用施設（※3）も用意され"", ""confidence"": ""medium""}}"
B6,amenity,grand_city_tower_tsukishima__forest_park,Công viên cây xanh nội khu,grand_city_tower_tsukishima,,,,,,,,,,,,,,,,,,,,,,,,,,,,,,,,,,,,,,,,,,,,,,,,,,,,,,,,,,,,,,,,,,,,,,,,,,,,,,,,,,,,,,,,,,,,,,,,,,,,,,,,,,,,,,,,,,,,,grand_city_tower_tsukishima__forest_park,canh_quan_vuon,Công viên cây xanh nội khu,フォレストパーク,ngoai_troi,,false,,,true,,,,,,,,,,,,,,,,,,,,,,,,,,,,medium,https://suumo.jp/ms/shinchiku/tokyo/sc_chuo/nc_67727473/,"{""slug"": {""url"": ""https://suumo.jp/ms/shinchiku/tokyo/sc_chuo/nc_67727473/"", ""file"": ""02_ngu_n_3.txt"", ""snippet"": ""フォレストパーク完成予想図（計画段階の図面を基に描き起こしたものに人物等をCG合成したもので、実際とは多少異なります。また、一部敷地外の道路等を合わせて着彩しています）"", ""confidence"": ""medium""}, ""amenity_category"": {""url"": ""https://suumo.jp/ms/shinchiku/tokyo/sc_chuo/nc_67727473/"", ""file"": ""02_ngu_n_3.txt"", ""snippet"": ""フォレストパーク完成予想図（計画段階の図面を基に描き起こしたものに人物等をCG合成したもので、実際とは多少異なります）"", ""confidence"": ""medium""}, ""amenity_name"": {""url"": ""https://suumo.jp/ms/shinchiku/tokyo/sc_chuo/nc_67727473/"", ""file"": ""02_ngu_n_3.txt"", ""snippet"": ""フォレストパーク完成予想図（計画段階の図面を基に描き起こしたものに人物等をCG合成したもので、実際とは多少異なります）"", ""confidence"": ""medium""}, ""amenity_name_local"": {""url"": ""https://suumo.jp/ms/shinchiku/tokyo/sc_chuo/nc_67727473/"", ""file"": ""02_ngu_n_3.txt"", ""snippet"": ""フォレストパーク完成予想図"", ""confidence"": ""medium""}, ""location"": {""url"": ""https://suumo.jp/ms/shinchiku/tokyo/sc_chuo/nc_67727473/"", ""file"": ""02_ngu_n_3.txt"", ""snippet"": ""フォレストパーク完成予想図（…また、一部敷地外の道路等を合わせて着彩しています）"", ""confidence"": ""medium""}, ""is_indoor"": {""url"": ""https://suumo.jp/ms/shinchiku/tokyo/sc_chuo/nc_67727473/"", ""file"": ""02_ngu_n_3.txt"", ""snippet"": ""フォレストパーク完成予想図（…また、一部敷地外の道路等を合わせて着彩しています）"", ""confidence"": ""medium""}, ""is_highlight"": {""url"": ""https://suumo.jp/ms/shinchiku/tokyo/sc_chuo/nc_67727473/"", ""file"": ""02_ngu_n_3.txt"", ""snippet"": ""フォレストパーク完成予想図"", ""confidence"": ""medium""}}"
B6,amenity,grand_city_tower_tsukishima__car_parking,"Bãi đỗ ô tô (371 chỗ, gồm 98 chỗ của thành viên tổ hợp tái phát triển và 2 chỗ cho người khuyết tật)",grand_city_tower_tsukishima,,,,,,,,,,,,,,,,,,,,,,,,,,,,,,,,,,,,,,,,,,,,,,,,,,,,,,,,,,,,,,,,,,,,,,,,,,,,,,,,,,,,,,,,,,,,,,,,,,,,,,,,,,,,,,,,,,,,,grand_city_tower_tsukishima__car_parking,do_xe,"Bãi đỗ ô tô (371 chỗ, gồm 98 chỗ của thành viên tổ hợp tái phát triển và 2 chỗ cho người khuyết tật)",駐車場,,,,false,,false,,,,,,,,,,,,,,,,,,,,,,,,,,,,high,https://www.sumitomo-rd-mansion.jp/shuto/tsukishima/detail.cgi,"{""slug"": {""url"": ""https://www.sumitomo-rd-mansion.jp/shuto/tsukishima/detail.cgi"", ""file"": ""01_ngu_n_2.txt"", ""snippet"": ""駐車場総台数 371台（本再開発組合員分98台、身障者用2台含む）"", ""confidence"": ""high""}, ""amenity_category"": {""url"": ""https://www.sumitomo-rd-mansion.jp/shuto/tsukishima/detail.cgi"", ""file"": ""01_ngu_n_2.txt"", ""snippet"": ""駐車場総台数 371台（本再開発組合員分98台、身障者用2台含む）"", ""confidence"": ""high""}, ""amenity_name"": {""url"": ""https://www.sumitomo-rd-mansion.jp/shuto/tsukishima/detail.cgi"", ""file"": ""01_ngu_n_2.txt"", ""snippet"": ""駐車場総台数 371台（本再開発組合員分98台、身障者用2台含む）"", ""confidence"": ""high""}, ""amenity_name_local"": {""url"": ""https://www.sumitomo-rd-mansion.jp/shuto/tsukishima/detail.cgi"", ""file"": ""01_ngu_n_2.txt"", ""snippet"": ""駐車場総台数 371台"", ""confidence"": ""high""}, ""is_resident_free"": {""url"": ""https://www.sumitomo-rd-mansion.jp/shuto/tsukishima/detail.cgi"", ""file"": ""01_ngu_n_2.txt"", ""snippet"": ""駐車場使用料（月額） 37000円～50000円"", ""confidence"": ""high""}, ""is_highlight"": {""url"": ""https://www.sumitomo-rd-mansion.jp/shuto/tsukishima/detail.cgi"", ""file"": ""01_ngu_n_2.txt"", ""snippet"": ""駐車場総台数 371台（本再開発組合員分98台、身障者用2台含む）"", ""confidence"": ""high""}}"
B6,amenity,grand_city_tower_tsukishima__bicycle_parking,"Bãi để xe đạp (1.530 chỗ, gồm 585 chỗ của thành viên tổ hợp tái phát triển)",grand_city_tower_tsukishima,,,,,,,,,,,,,,,,,,,,,,,,,,,,,,,,,,,,,,,,,,,,,,,,,,,,,,,,,,,,,,,,,,,,,,,,,,,,,,,,,,,,,,,,,,,,,,,,,,,,,,,,,,,,,,,,,,,,,grand_city_tower_tsukishima__bicycle_parking,do_xe,"Bãi để xe đạp (1.530 chỗ, gồm 585 chỗ của thành viên tổ hợp tái phát triển)",自転車置場,,,,false,,false,,,,,,,,,,,,,,,,,,,,,,,,,,,,high,https://www.sumitomo-rd-mansion.jp/shuto/tsukishima/detail.cgi,"{""slug"": {""url"": ""https://www.sumitomo-rd-mansion.jp/shuto/tsukishima/detail.cgi"", ""file"": ""01_ngu_n_2.txt"", ""snippet"": ""自転車置場総台数 1530台（本再開発組合員分585台含む）"", ""confidence"": ""high""}, ""amenity_category"": {""url"": ""https://www.sumitomo-rd-mansion.jp/shuto/tsukishima/detail.cgi"", ""file"": ""01_ngu_n_2.txt"", ""snippet"": ""自転車置場総台数 1530台（本再開発組合員分585台含む）"", ""confidence"": ""high""}, ""amenity_name"": {""url"": ""https://www.sumitomo-rd-mansion.jp/shuto/tsukishima/detail.cgi"", ""file"": ""01_ngu_n_2.txt"", ""snippet"": ""自転車置場総台数 1530台（本再開発組合員分585台含む）"", ""confidence"": ""high""}, ""amenity_name_local"": {""url"": ""https://www.sumitomo-rd-mansion.jp/shuto/tsukishima/detail.cgi"", ""file"": ""01_ngu_n_2.txt"", ""snippet"": ""自転車置場総台数 1530台"", ""confidence"": ""high""}, ""is_resident_free"": {""url"": ""https://www.sumitomo-rd-mansion.jp/shuto/tsukishima/detail.cgi"", ""file"": ""01_ngu_n_2.txt"", ""snippet"": ""自転車置場利用料（月額） 200円～800円"", ""confidence"": ""high""}, ""is_highlight"": {""url"": ""https://www.sumitomo-rd-mansion.jp/shuto/tsukishima/detail.cgi"", ""file"": ""01_ngu_n_2.txt"", ""snippet"": ""自転車置場総台数 1530台（本再開発組合員分585台含む）"", ""confidence"": ""high""}}"
B6,amenity,grand_city_tower_tsukishima__motorcycle_parking,"Bãi để xe mô tô (41 chỗ, gồm 11 chỗ của thành viên tổ hợp tái phát triển)",grand_city_tower_tsukishima,,,,,,,,,,,,,,,,,,,,,,,,,,,,,,,,,,,,,,,,,,,,,,,,,,,,,,,,,,,,,,,,,,,,,,,,,,,,,,,,,,,,,,,,,,,,,,,,,,,,,,,,,,,,,,,,,,,,,grand_city_tower_tsukishima__motorcycle_parking,do_xe,"Bãi để xe mô tô (41 chỗ, gồm 11 chỗ của thành viên tổ hợp tái phát triển)",バイク置場,,,,false,,false,,,,,,,,,,,,,,,,,,,,,,,,,,,,high,https://www.sumitomo-rd-mansion.jp/shuto/tsukishima/detail.cgi,"{""slug"": {""url"": ""https://www.sumitomo-rd-mansion.jp/shuto/tsukishima/detail.cgi"", ""file"": ""01_ngu_n_2.txt"", ""snippet"": ""バイク置場総台数 41台（本再開発組合員分11台含む）"", ""confidence"": ""high""}, ""amenity_category"": {""url"": ""https://www.sumitomo-rd-mansion.jp/shuto/tsukishima/detail.cgi"", ""file"": ""01_ngu_n_2.txt"", ""snippet"": ""バイク置場総台数 41台（本再開発組合員分11台含む）"", ""confidence"": ""high""}, ""amenity_name"": {""url"": ""https://www.sumitomo-rd-mansion.jp/shuto/tsukishima/detail.cgi"", ""file"": ""01_ngu_n_2.txt"", ""snippet"": ""バイク置場総台数 41台（本再開発組合員分11台含む）"", ""confidence"": ""high""}, ""amenity_name_local"": {""url"": ""https://www.sumitomo-rd-mansion.jp/shuto/tsukishima/detail.cgi"", ""file"": ""01_ngu_n_2.txt"", ""snippet"": ""バイク置場総台数 41台"", ""confidence"": ""high""}, ""is_resident_free"": {""url"": ""https://www.sumitomo-rd-mansion.jp/shuto/tsukishima/detail.cgi"", ""file"": ""01_ngu_n_2.txt"", ""snippet"": ""バイク置場使用料（月額） 6000円・8000円"", ""confidence"": ""high""}, ""is_highlight"": {""url"": ""https://www.sumitomo-rd-mansion.jp/shuto/tsukishima/detail.cgi"", ""file"": ""01_ngu_n_2.txt"", ""snippet"": ""バイク置場総台数 41台（本再開発組合員分11台含む）"", ""confidence"": ""high""}}"
B6,amenity,grand_city_tower_tsukishima__mini_bike_parking,"Bãi để xe máy cỡ nhỏ (24 chỗ, gồm 6 chỗ của thành viên tổ hợp tái phát triển)",grand_city_tower_tsukishima,,,,,,,,,,,,,,,,,,,,,,,,,,,,,,,,,,,,,,,,,,,,,,,,,,,,,,,,,,,,,,,,,,,,,,,,,,,,,,,,,,,,,,,,,,,,,,,,,,,,,,,,,,,,,,,,,,,,,grand_city_tower_tsukishima__mini_bike_parking,do_xe,"Bãi để xe máy cỡ nhỏ (24 chỗ, gồm 6 chỗ của thành viên tổ hợp tái phát triển)",ミニバイク置場,,,,false,,false,,,,,,,,,,,,,,,,,,,,,,,,,,,,high,https://www.sumitomo-rd-mansion.jp/shuto/tsukishima/detail.cgi,"{""slug"": {""url"": ""https://www.sumitomo-rd-mansion.jp/shuto/tsukishima/detail.cgi"", ""file"": ""01_ngu_n_2.txt"", ""snippet"": ""ミニバイク置場台数 24台（本再開発組合員分6台含む）"", ""confidence"": ""high""}, ""amenity_category"": {""url"": ""https://www.sumitomo-rd-mansion.jp/shuto/tsukishima/detail.cgi"", ""file"": ""01_ngu_n_2.txt"", ""snippet"": ""ミニバイク置場台数 24台（本再開発組合員分6台含む）"", ""confidence"": ""high""}, ""amenity_name"": {""url"": ""https://www.sumitomo-rd-mansion.jp/shuto/tsukishima/detail.cgi"", ""file"": ""01_ngu_n_2.txt"", ""snippet"": ""ミニバイク置場台数 24台（本再開発組合員分6台含む）"", ""confidence"": ""high""}, ""amenity_name_local"": {""url"": ""https://www.sumitomo-rd-mansion.jp/shuto/tsukishima/detail.cgi"", ""file"": ""01_ngu_n_2.txt"", ""snippet"": ""ミニバイク置場台数 24台"", ""confidence"": ""high""}, ""is_resident_free"": {""url"": ""https://www.sumitomo-rd-mansion.jp/shuto/tsukishima/detail.cgi"", ""file"": ""01_ngu_n_2.txt"", ""snippet"": ""ミニバイク置場使用料（月額） 4000円"", ""confidence"": ""high""}, ""is_highlight"": {""url"": ""https://www.sumitomo-rd-mansion.jp/shuto/tsukishima/detail.cgi"", ""file"": ""01_ngu_n_2.txt"", ""snippet"": ""ミニバイク置場台数 24台（本再開発組合員分6台含む）"", ""confidence"": ""high""}}"
B6,amenity,grand_city_tower_tsukishima__nursery,Nhà trẻ trong toà nhà,grand_city_tower_tsukishima,,,,,,,,,,,,,,,,,,,,,,,,,,,,,,,,,,,,,,,,,,,,,,,,,,,,,,,,,,,,,,,,,,,,,,,,,,,,,,,,,,,,,,,,,,,,,,,,,,,,,,,,,,,,,,,,,,,,,grand_city_tower_tsukishima__nursery,tre_em,Nhà trẻ trong toà nhà,保育所,,,true,,,true,,,,,,,,,,,,,,,,,,,,,,,,,,,,high,https://www.sumitomo-rd-mansion.jp/shuto/tsukishima/detail.cgi,"{""slug"": {""url"": ""https://www.sumitomo-rd-mansion.jp/shuto/tsukishima/detail.cgi"", ""file"": ""01_ngu_n_2.txt"", ""snippet"": ""総戸数 1,284戸（非分譲住戸339戸、その他住戸30戸（※１）含む）その他店舗21区画、保育所、デイサービス"", ""confidence"": ""high""}, ""amenity_category"": {""url"": ""https://www.sumitomo-rd-mansion.jp/shuto/tsukishima/detail.cgi"", ""file"": ""01_ngu_n_2.txt"", ""snippet"": ""その他店舗21区画、保育所、デイサービス"", ""confidence"": ""high""}, ""amenity_name"": {""url"": ""https://www.sumitomo-rd-mansion.jp/shuto/tsukishima/detail.cgi"", ""file"": ""01_ngu_n_2.txt"", ""snippet"": ""その他店舗21区画、保育所、デイサービス"", ""confidence"": ""high""}, ""amenity_name_local"": {""url"": ""https://www.sumitomo-rd-mansion.jp/shuto/tsukishima/detail.cgi"", ""file"": ""01_ngu_n_2.txt"", ""snippet"": ""その他店舗21区画、保育所、デイサービス"", ""confidence"": ""high""}, ""is_indoor"": {""url"": ""https://www.sumitomo-rd-mansion.jp/shuto/tsukishima/detail.cgi"", ""file"": ""01_ngu_n_2.txt"", ""snippet"": ""その他店舗21区画、保育所、デイサービス"", ""confidence"": ""high""}, ""is_highlight"": {""url"": ""https://www.sumitomo-rd-mansion.jp/shuto/tsukishima/detail.cgi"", ""file"": ""01_ngu_n_2.txt"", ""snippet"": ""その他店舗21区画、保育所、デイサービス"", ""confidence"": ""high""}}"
B6,amenity,grand_city_tower_tsukishima__day_service,Cơ sở dịch vụ chăm sóc ban ngày cho người cao tuổi,grand_city_tower_tsukishima,,,,,,,,,,,,,,,,,,,,,,,,,,,,,,,,,,,,,,,,,,,,,,,,,,,,,,,,,,,,,,,,,,,,,,,,,,,,,,,,,,,,,,,,,,,,,,,,,,,,,,,,,,,,,,,,,,,,,grand_city_tower_tsukishima__day_service,suc_khoe_spa,Cơ sở dịch vụ chăm sóc ban ngày cho người cao tuổi,デイサービス,,,true,,,false,,,,,,,,,,,,,,,,,,,,,,,,,,,,high,https://www.sumitomo-rd-mansion.jp/shuto/tsukishima/detail.cgi,"{""slug"": {""url"": ""https://www.sumitomo-rd-mansion.jp/shuto/tsukishima/detail.cgi"", ""file"": ""01_ngu_n_2.txt"", ""snippet"": ""その他店舗21区画、保育所、デイサービス"", ""confidence"": ""high""}, ""amenity_category"": {""url"": ""https://www.sumitomo-rd-mansion.jp/shuto/tsukishima/detail.cgi"", ""file"": ""01_ngu_n_2.txt"", ""snippet"": ""その他店舗21区画、保育所、デイサービス"", ""confidence"": ""high""}, ""amenity_name"": {""url"": ""https://www.sumitomo-rd-mansion.jp/shuto/tsukishima/detail.cgi"", ""file"": ""01_ngu_n_2.txt"", ""snippet"": ""その他店舗21区画、保育所、デイサービス"", ""confidence"": ""high""}, ""amenity_name_local"": {""url"": ""https://www.sumitomo-rd-mansion.jp/shuto/tsukishima/detail.cgi"", ""file"": ""01_ngu_n_2.txt"", ""snippet"": ""その他店舗21区画、保育所、デイサービス"", ""confidence"": ""high""}, ""is_indoor"": {""url"": ""https://www.sumitomo-rd-mansion.jp/shuto/tsukishima/detail.cgi"", ""file"": ""01_ngu_n_2.txt"", ""snippet"": ""その他店舗21区画、保育所、デイサービス"", ""confidence"": ""high""}, ""is_highlight"": {""url"": ""https://www.sumitomo-rd-mansion.jp/shuto/tsukishima/detail.cgi"", ""file"": ""01_ngu_n_2.txt"", ""snippet"": ""その他店舗21区画、保育所、デイサービス"", ""confidence"": ""high""}}"
B6,amenity,grand_city_tower_tsukishima__retail_shops,Khối cửa hàng thương mại (21 gian; theo quy chế quản lý là 23 gian),grand_city_tower_tsukishima,,,,,,,,,,,,,,,,,,,,,,,,,,,,,,,,,,,,,,,,,,,,,,,,,,,,,,,,,,,,,,,,,,,,,,,,,,,,,,,,,,,,,,,,,,,,,,,,,,,,,,,,,,,,,,,,,,,,,grand_city_tower_tsukishima__retail_shops,thuong_mai_fnb,Khối cửa hàng thương mại (21 gian; theo quy chế quản lý là 23 gian),店舗21区画,,,true,,,false,,,,,,,,,,,,,,,,,,,,,,,,,,,,high,https://www.sumitomo-rd-mansion.jp/shuto/tsukishima/detail.cgi,"{""slug"": {""url"": ""https://www.sumitomo-rd-mansion.jp/shuto/tsukishima/detail.cgi"", ""file"": ""01_ngu_n_2.txt"", ""snippet"": ""その他店舗21区画、保育所、デイサービス　※管理規約上の取扱いは1,285戸…その他店舗23区画、保育所、デイサービス"", ""confidence"": ""high""}, ""amenity_category"": {""url"": ""https://www.sumitomo-rd-mansion.jp/shuto/tsukishima/detail.cgi"", ""file"": ""01_ngu_n_2.txt"", ""snippet"": ""その他店舗21区画、保育所、デイサービス"", ""confidence"": ""high""}, ""amenity_name"": {""url"": ""https://www.sumitomo-rd-mansion.jp/shuto/tsukishima/detail.cgi"", ""file"": ""01_ngu_n_2.txt"", ""snippet"": ""その他店舗21区画…※管理規約上の取扱いは…その他店舗23区画"", ""confidence"": ""high""}, ""amenity_name_local"": {""url"": ""https://www.sumitomo-rd-mansion.jp/shuto/tsukishima/detail.cgi"", ""file"": ""01_ngu_n_2.txt"", ""snippet"": ""その他店舗21区画"", ""confidence"": ""high""}, ""is_indoor"": {""url"": ""https://www.sumitomo-rd-mansion.jp/shuto/tsukishima/detail.cgi"", ""file"": ""01_ngu_n_2.txt"", ""snippet"": ""その他店舗21区画、保育所、デイサービス"", ""confidence"": ""high""}, ""is_highlight"": {""url"": ""https://www.sumitomo-rd-mansion.jp/shuto/tsukishima/detail.cgi"", ""file"": ""01_ngu_n_2.txt"", ""snippet"": ""その他店舗21区画、保育所、デイサービス"", ""confidence"": ""high""}}"
B6,amenity,grand_city_tower_tsukishima__front_service,Dịch vụ quầy lễ tân,grand_city_tower_tsukishima,,,,,,,,,,,,,,,,,,,,,,,,,,,,,,,,,,,,,,,,,,,,,,,,,,,,,,,,,,,,,,,,,,,,,,,,,,,,,,,,,,,,,,,,,,,,,,,,,,,,,,,,,,,,,,,,,,,,,grand_city_tower_tsukishima__front_service,dich_vu_le_tan,Dịch vụ quầy lễ tân,フロントサービス,,,,,,true,,,,,,,,,,,,,,,,,,,,,,,,,,,,medium,https://www.major7.net/Bukkendetail/00000010001160,"{""slug"": {""url"": ""https://www.major7.net/Bukkendetail/00000010001160"", ""file"": ""03_ngu_n_4.txt"", ""snippet"": ""この物件のこだわり … フロントサービス"", ""confidence"": ""medium""}, ""amenity_category"": {""url"": ""https://www.major7.net/Bukkendetail/00000010001160"", ""file"": ""03_ngu_n_4.txt"", ""snippet"": ""この物件のこだわり … フロントサービス"", ""confidence"": ""medium""}, ""amenity_name"": {""url"": ""https://www.major7.net/Bukkendetail/00000010001160"", ""file"": ""03_ngu_n_4.txt"", ""snippet"": ""この物件のこだわり … フロントサービス"", ""confidence"": ""medium""}, ""amenity_name_local"": {""url"": ""https://www.major7.net/Bukkendetail/00000010001160"", ""file"": ""03_ngu_n_4.txt"", ""snippet"": ""フロントサービス"", ""confidence"": ""medium""}, ""is_highlight"": {""url"": ""https://www.major7.net/Bukkendetail/00000010001160"", ""file"": ""03_ngu_n_4.txt"", ""snippet"": ""この物件のこだわり … フロントサービス"", ""confidence"": ""medium""}}"
B6,amenity,grand_city_tower_tsukishima__management_24h_resident_staff,Quản lý có nhân viên thường trực 24 giờ,grand_city_tower_tsukishima,,,,,,,,,,,,,,,,,,,,,,,,,,,,,,,,,,,,,,,,,,,,,,,,,,,,,,,,,,,,,,,,,,,,,,,,,,,,,,,,,,,,,,,,,,,,,,,,,,,,,,,,,,,,,,,,,,,,,grand_city_tower_tsukishima__management_24h_resident_staff,dich_vu_le_tan,Quản lý có nhân viên thường trực 24 giờ,24時間有人管理,,,,,Sumitomo Realty & Development Building Service,false,,,,,,,,,,,,,,,,,,,,,,,,,,,,medium,https://www.major7.net/Bukkendetail/00000010001160; https://www.sumitomo-rd-mansion.jp/shuto/tsukishima/detail.cgi,"{""slug"": {""url"": ""https://www.major7.net/Bukkendetail/00000010001160"", ""file"": ""03_ngu_n_4.txt"", ""snippet"": ""この物件のこだわり … 24時間有人管理"", ""confidence"": ""medium""}, ""amenity_category"": {""url"": ""https://www.major7.net/Bukkendetail/00000010001160"", ""file"": ""03_ngu_n_4.txt"", ""snippet"": ""この物件のこだわり … 24時間有人管理"", ""confidence"": ""medium""}, ""amenity_name"": {""url"": ""https://www.major7.net/Bukkendetail/00000010001160"", ""file"": ""03_ngu_n_4.txt"", ""snippet"": ""この物件のこだわり … 24時間有人管理"", ""confidence"": ""medium""}, ""amenity_name_local"": {""url"": ""https://www.major7.net/Bukkendetail/00000010001160"", ""file"": ""03_ngu_n_4.txt"", ""snippet"": ""24時間有人管理"", ""confidence"": ""medium""}, ""operator_brand"": {""url"": ""https://www.sumitomo-rd-mansion.jp/shuto/tsukishima/detail.cgi"", ""file"": ""01_ngu_n_2.txt"", ""snippet"": ""管理会社 住友不動産建物サービス株式会社"", ""confidence"": ""high""}, ""is_highlight"": {""url"": ""https://www.major7.net/Bukkendetail/00000010001160"", ""file"": ""03_ngu_n_4.txt"", ""snippet"": ""この物件のこだわり … 24時間有人管理"", ""confidence"": ""medium""}}"
B6,amenity,grand_city_tower_tsukishima__pet_facility,Tiện ích dành cho thú cưng (được phép nuôi thú cưng),grand_city_tower_tsukishima,,,,,,,,,,,,,,,,,,,,,,,,,,,,,,,,,,,,,,,,,,,,,,,,,,,,,,,,,,,,,,,,,,,,,,,,,,,,,,,,,,,,,,,,,,,,,,,,,,,,,,,,,,,,,,,,,,,,,grand_city_tower_tsukishima__pet_facility,thu_cung,Tiện ích dành cho thú cưng (được phép nuôi thú cưng),ペット用施設／ペット飼育可,,,,,,false,,,,,,,,,,,,,,,,,,,,,,,,,,,,medium,https://www.major7.net/Bukkendetail/00000010001160,"{""slug"": {""url"": ""https://www.major7.net/Bukkendetail/00000010001160"", ""file"": ""03_ngu_n_4.txt"", ""snippet"": ""ペット飼育可 ペット用施設"", ""confidence"": ""medium""}, ""amenity_category"": {""url"": ""https://www.major7.net/Bukkendetail/00000010001160"", ""file"": ""03_ngu_n_4.txt"", ""snippet"": ""ペット飼育可 ペット用施設"", ""confidence"": ""medium""}, ""amenity_name"": {""url"": ""https://www.major7.net/Bukkendetail/00000010001160"", ""file"": ""03_ngu_n_4.txt"", ""snippet"": ""ペット飼育可 ペット用施設"", ""confidence"": ""medium""}, ""amenity_name_local"": {""url"": ""https://www.major7.net/Bukkendetail/00000010001160"", ""file"": ""03_ngu_n_4.txt"", ""snippet"": ""ペット飼育可 ペット用施設"", ""confidence"": ""medium""}, ""is_highlight"": {""url"": ""https://www.major7.net/Bukkendetail/00000010001160"", ""file"": ""03_ngu_n_4.txt"", ""snippet"": ""ペット用施設"", ""confidence"": ""medium""}}"
B6,amenity,grand_city_tower_tsukishima__garbage_disposal_24h,Khu đổ rác hoạt động 24/24,grand_city_tower_tsukishima,,,,,,,,,,,,,,,,,,,,,,,,,,,,,,,,,,,,,,,,,,,,,,,,,,,,,,,,,,,,,,,,,,,,,,,,,,,,,,,,,,,,,,,,,,,,,,,,,,,,,,,,,,,,,,,,,,,,,grand_city_tower_tsukishima__garbage_disposal_24h,dich_vu_le_tan,Khu đổ rác hoạt động 24/24,ごみ出し24時間OK,,,,,,false,,,,,,,,,,,,,,,,,,,,,,,,,,,,medium,https://www.major7.net/Bukkendetail/00000010001160,"{""slug"": {""url"": ""https://www.major7.net/Bukkendetail/00000010001160"", ""file"": ""03_ngu_n_4.txt"", ""snippet"": ""この物件のこだわり … ごみ出し24時間OK"", ""confidence"": ""medium""}, ""amenity_category"": {""url"": ""https://www.major7.net/Bukkendetail/00000010001160"", ""file"": ""03_ngu_n_4.txt"", ""snippet"": ""この物件のこだわり … ごみ出し24時間OK"", ""confidence"": ""medium""}, ""amenity_name"": {""url"": ""https://www.major7.net/Bukkendetail/00000010001160"", ""file"": ""03_ngu_n_4.txt"", ""snippet"": ""ごみ出し24時間OK"", ""confidence"": ""medium""}, ""amenity_name_local"": {""url"": ""https://www.major7.net/Bukkendetail/00000010001160"", ""file"": ""03_ngu_n_4.txt"", ""snippet"": ""ごみ出し24時間OK"", ""confidence"": ""medium""}, ""is_highlight"": {""url"": ""https://www.major7.net/Bukkendetail/00000010001160"", ""file"": ""03_ngu_n_4.txt"", ""snippet"": ""ごみ出し24時間OK"", ""confidence"": ""medium""}}"
B7,price_obs,grand_city_tower_tsukishima__all__so_cap__2026-08,toàn toà · so_cap · 2026-08,grand_city_tower_tsukishima,,,,,,,,,,,,,,,,,,,,,,,,,,,,,,,,,,,,,,,,,,,,,,,,,,,,,,,,,,,,,,,,,,,,,,,,,,,,,,,,,,,,,,,,,,cdt_official,,,,,,,,,,,,,,,,,,,,,,,,,,,,,,,,,,,,,grand_city_tower_tsukishima__all__so_cap__2026-08,so_cap,158000000,305000000,,JPY,per_unit,khong_ro,,,2026-08,2026-08-17,17,0.0064516129032258064,,https://www.sumitomo-rd-mansion.jp/shuto/tsukishima/detail.cgi,,,,,,,,,,,,high,https://www.sumitomo-rd-mansion.jp/shuto/tsukishima/detail.cgi,"{""market"": {""url"": ""https://www.sumitomo-rd-mansion.jp/shuto/tsukishima/detail.cgi"", ""file"": ""01_ngu_n_2.txt"", ""snippet"": ""販売スケジュール 先着順受付 販売戸数 17戸 販売価格 15,800万円～30,500万円"", ""confidence"": ""high""}, ""price_min"": {""url"": ""https://www.sumitomo-rd-mansion.jp/shuto/tsukishima/detail.cgi"", ""file"": ""01_ngu_n_2.txt"", ""snippet"": ""販売価格 15,800万円～30,500万円"", ""confidence"": ""high""}, ""price_max"": {""url"": ""https://www.sumitomo-rd-mansion.jp/shuto/tsukishima/detail.cgi"", ""file"": ""01_ngu_n_2.txt"", ""snippet"": ""販売価格 15,800万円～30,500万円"", ""confidence"": ""high""}, ""currency"": {""url"": ""https://www.sumitomo-rd-mansion.jp/shuto/tsukishima/detail.cgi"", ""file"": ""01_ngu_n_2.txt"", ""snippet"": ""販売価格 15,800万円～30,500万円"", ""confidence"": ""high""}, ""price_unit"": {""url"": ""https://www.sumitomo-rd-mansion.jp/shuto/tsukishima/detail.cgi"", ""file"": ""01_ngu_n_2.txt"", ""snippet"": ""販売戸数 17戸 販売価格 15,800万円～30,500万円"", ""confidence"": ""high""}, ""price_basis"": {""url"": ""https://www.sumitomo-rd-mansion.jp/shuto/tsukishima/detail.cgi"", ""file"": ""01_ngu_n_2.txt"", ""snippet"": ""販売価格 15,800万円～30,500万円 / 専有面積 58.13m2～83.68m2"", ""confidence"": ""high""}, ""period"": {""url"": ""https://www.sumitomo-rd-mansion.jp/shuto/tsukishima/detail.cgi"", ""file"": ""01_ngu_n_2.txt"", ""snippet"": ""更新日 2026年8月14日 次回更新予定日 2026年8月21日"", ""confidence"": ""high""}, ""sample_size"": {""url"": ""https://www.sumitomo-rd-mansion.jp/shuto/tsukishima/detail.cgi"", ""file"": ""01_ngu_n_2.txt"", ""snippet"": ""販売戸数 17戸"", ""confidence"": ""high""}, ""source_type"": {""url"": ""https://www.sumitomo-rd-mansion.jp/shuto/tsukishima/detail.cgi"", ""file"": ""01_ngu_n_2.txt"", ""snippet"": ""グランドシティタワー月島｜物件概要ページ|住友不動産の分譲マンション"", ""confidence"": ""high""}, ""listing_url"": {""url"": ""https://www.sumitomo-rd-mansion.jp/shuto/tsukishima/detail.cgi"", ""file"": ""01_ngu_n_2.txt"", ""snippet"": ""URL: https://www.sumitomo-rd-mansion.jp/shuto/tsukishima/detail.cgi"", ""confidence"": ""high""}}"
B7,price_obs,grand_city_tower_tsukishima__grand_city_tower_tsukishima__s_55e__so_cap__2026-08,S-55E · so_cap · 2026-08,grand_city_tower_tsukishima,,,,,,,,,,,,,,,,,,,,,,,,,,,,,,,,,,,,,,,,,,,,,,,,,,,,,,,,,,,,,grand_city_tower_tsukishima__s_55e,,,,,,,,,,,,,,,,,,,,,,,,,,,,,portal_niem_yet,,,,,,,,,,,,,,,,,,,,,,,,,,,,,,,,,,,,,grand_city_tower_tsukishima__grand_city_tower_tsukishima__s_55e__so_cap__2026-08,so_cap,,,158000000,JPY,per_unit,khong_ro,true,,2026-08,2026-08-17,,0.0064516129032258064,,https://suumo.jp/ms/shinchiku/tokyo/sc_chuo/nc_67727473/,,,,,,,,,,,,medium,https://suumo.jp/ms/shinchiku/tokyo/sc_chuo/nc_67727473/,"{""unit_type_code"": {""url"": ""https://suumo.jp/ms/shinchiku/tokyo/sc_chuo/nc_67727473/"", ""file"": ""02_ngu_n_3.txt"", ""snippet"": ""間取り S-55E 2LDK+N(納戸)+WIC(ウォークインクロゼット) 専有面積： 58.13m 2 価格： 1億5800万円"", ""confidence"": ""medium""}, ""market"": {""url"": ""https://suumo.jp/ms/shinchiku/tokyo/sc_chuo/nc_67727473/"", ""file"": ""02_ngu_n_3.txt"", ""snippet"": ""S-55E … 価格： 1億5800万円 販売期： 先着順受付"", ""confidence"": ""medium""}, ""price_avg"": {""url"": ""https://suumo.jp/ms/shinchiku/tokyo/sc_chuo/nc_67727473/"", ""file"": ""02_ngu_n_3.txt"", ""snippet"": ""S-55E … 専有面積：58.13m2 価格： 1億5800万円"", ""confidence"": ""medium""}, ""currency"": {""url"": ""https://suumo.jp/ms/shinchiku/tokyo/sc_chuo/nc_67727473/"", ""file"": ""02_ngu_n_3.txt"", ""snippet"": ""価格： 1億5800万円"", ""confidence"": ""medium""}, ""price_unit"": {""url"": ""https://suumo.jp/ms/shinchiku/tokyo/sc_chuo/nc_67727473/"", ""file"": ""02_ngu_n_3.txt"", ""snippet"": ""S-55E … 価格： 1億5800万円"", ""confidence"": ""medium""}, ""price_basis"": {""url"": ""https://suumo.jp/ms/shinchiku/tokyo/sc_chuo/nc_67727473/"", ""file"": ""02_ngu_n_3.txt"", ""snippet"": ""専有面積： 58.13m 2 価格： 1億5800万円"", ""confidence"": ""medium""}, ""includes_vat"": {""url"": ""https://suumo.jp/ms/shinchiku/tokyo/sc_chuo/nc_67727473/"", ""file"": ""02_ngu_n_3.txt"", ""snippet"": ""※価格は物件の代金総額を表示しています。消費税が課税される場合は税込み価格を表示しており、10000円未満を切り上げている場合があります。"", ""confidence"": ""medium""}, ""period"": {""url"": ""https://suumo.jp/ms/shinchiku/tokyo/sc_chuo/nc_67727473/"", ""file"": ""02_ngu_n_3.txt"", ""snippet"": ""情報更新日：2026/8/12"", ""confidence"": ""medium""}, ""source_type"": {""url"": ""https://suumo.jp/ms/shinchiku/tokyo/sc_chuo/nc_67727473/"", ""file"": ""02_ngu_n_3.txt"", ""snippet"": ""【SUUMO】グランドシティタワー月島 | 新築マンション・分譲マンション物件情報"", ""confidence"": ""medium""}, ""listing_url"": {""url"": ""https://suumo.jp/ms/shinchiku/tokyo/sc_chuo/nc_67727473/"", ""file"": ""02_ngu_n_3.txt"", ""snippet"": ""URL: https://suumo.jp/ms/shinchiku/tokyo/sc_chuo/nc_67727473/"", ""confidence"": ""medium""}}"
B7,price_obs,grand_city_tower_tsukishima__grand_city_tower_tsukishima__s_70b__so_cap__2026-08,S-70B · so_cap · 2026-08,grand_city_tower_tsukishima,,,,,,,,,,,,,,,,,,,,,,,,,,,,,,,,,,,,,,,,,,,,,,,,,,,,,,,,,,,,,grand_city_tower_tsukishima__s_70b,,,,,,,,,,,,,,,,,,,,,,,,,,,,,portal_niem_yet,,,,,,,,,,,,,,,,,,,,,,,,,,,,,,,,,,,,,grand_city_tower_tsukishima__grand_city_tower_tsukishima__s_70b__so_cap__2026-08,so_cap,,,225000000,JPY,per_unit,khong_ro,true,,2026-08,2026-08-17,,0.0064516129032258064,,https://suumo.jp/ms/shinchiku/tokyo/sc_chuo/nc_67727473/,,,,,,,,,,,,medium,https://suumo.jp/ms/shinchiku/tokyo/sc_chuo/nc_67727473/,"{""unit_type_code"": {""url"": ""https://suumo.jp/ms/shinchiku/tokyo/sc_chuo/nc_67727473/"", ""file"": ""02_ngu_n_3.txt"", ""snippet"": ""S-70B 3LDK+N(納戸)+WIC(ウォークインクロゼット)+SIC(シューズインクロゼット) 専有面積： 73.52m 2 価格： 2億2500万円"", ""confidence"": ""medium""}, ""market"": {""url"": ""https://suumo.jp/ms/shinchiku/tokyo/sc_chuo/nc_67727473/"", ""file"": ""02_ngu_n_3.txt"", ""snippet"": ""S-70B … 価格： 2億2500万円 販売期： 先着順受付"", ""confidence"": ""medium""}, ""price_avg"": {""url"": ""https://suumo.jp/ms/shinchiku/tokyo/sc_chuo/nc_67727473/"", ""file"": ""02_ngu_n_3.txt"", ""snippet"": ""S-70B … 専有面積：73.52m2 価格： 2億2500万円"", ""confidence"": ""medium""}, ""currency"": {""url"": ""https://suumo.jp/ms/shinchiku/tokyo/sc_chuo/nc_67727473/"", ""file"": ""02_ngu_n_3.txt"", ""snippet"": ""価格： 2億2500万円"", ""confidence"": ""medium""}, ""price_unit"": {""url"": ""https://suumo.jp/ms/shinchiku/tokyo/sc_chuo/nc_67727473/"", ""file"": ""02_ngu_n_3.txt"", ""snippet"": ""S-70B … 価格： 2億2500万円"", ""confidence"": ""medium""}, ""price_basis"": {""url"": ""https://suumo.jp/ms/shinchiku/tokyo/sc_chuo/nc_67727473/"", ""file"": ""02_ngu_n_3.txt"", ""snippet"": ""専有面積： 73.52m 2 価格： 2億2500万円"", ""confidence"": ""medium""}, ""includes_vat"": {""url"": ""https://suumo.jp/ms/shinchiku/tokyo/sc_chuo/nc_67727473/"", ""file"": ""02_ngu_n_3.txt"", ""snippet"": ""※価格は物件の代金総額を表示しています。消費税が課税される場合は税込み価格を表示しており、10000円未満を切り上げている場合があります。"", ""confidence"": ""medium""}, ""period"": {""url"": ""https://suumo.jp/ms/shinchiku/tokyo/sc_chuo/nc_67727473/"", ""file"": ""02_ngu_n_3.txt"", ""snippet"": ""情報更新日：2026/8/12"", ""confidence"": ""medium""}, ""source_type"": {""url"": ""https://suumo.jp/ms/shinchiku/tokyo/sc_chuo/nc_67727473/"", ""file"": ""02_ngu_n_3.txt"", ""snippet"": ""【SUUMO】グランドシティタワー月島 | 新築マンション・分譲マンション物件情報"", ""confidence"": ""medium""}, ""listing_url"": {""url"": ""https://suumo.jp/ms/shinchiku/tokyo/sc_chuo/nc_67727473/"", ""file"": ""02_ngu_n_3.txt"", ""snippet"": ""URL: https://suumo.jp/ms/shinchiku/tokyo/sc_chuo/nc_67727473/"", ""confidence"": ""medium""}}"
B7,price_obs,grand_city_tower_tsukishima__grand_city_tower_tsukishima__s_80atr__so_cap__2026-08,S-80Atr · so_cap · 2026-08,grand_city_tower_tsukishima,,,,,,,,,,,,,,,,,,,,,,,,,,,,,,,,,,,,,,,,,,,,,,,,,,,,,,,,,,,,,grand_city_tower_tsukishima__s_80atr,,,,,,,,,,,,,,,,,,,,,,,,,,,,,portal_niem_yet,,,,,,,,,,,,,,,,,,,,,,,,,,,,,,,,,,,,,grand_city_tower_tsukishima__grand_city_tower_tsukishima__s_80atr__so_cap__2026-08,so_cap,,,228000000,JPY,per_unit,khong_ro,true,,2026-08,2026-08-17,,0.0064516129032258064,,https://suumo.jp/ms/shinchiku/tokyo/sc_chuo/nc_67727473/,,,,,,,,,,,,medium,https://suumo.jp/ms/shinchiku/tokyo/sc_chuo/nc_67727473/,"{""unit_type_code"": {""url"": ""https://suumo.jp/ms/shinchiku/tokyo/sc_chuo/nc_67727473/"", ""file"": ""02_ngu_n_3.txt"", ""snippet"": ""S-80Atr 3LDK+N(納戸)+2WIC(ウォークインクロゼット)+SIC(シューズインクロゼット) 専有面積： 80.63m 2 価格： 2億2800万円"", ""confidence"": ""medium""}, ""market"": {""url"": ""https://suumo.jp/ms/shinchiku/tokyo/sc_chuo/nc_67727473/"", ""file"": ""02_ngu_n_3.txt"", ""snippet"": ""S-80Atr … 価格： 2億2800万円 販売期： 先着順受付"", ""confidence"": ""medium""}, ""price_avg"": {""url"": ""https://suumo.jp/ms/shinchiku/tokyo/sc_chuo/nc_67727473/"", ""file"": ""02_ngu_n_3.txt"", ""snippet"": ""S-80Atr … 専有面積：80.63m2 価格： 2億2800万円"", ""confidence"": ""medium""}, ""currency"": {""url"": ""https://suumo.jp/ms/shinchiku/tokyo/sc_chuo/nc_67727473/"", ""file"": ""02_ngu_n_3.txt"", ""snippet"": ""価格： 2億2800万円"", ""confidence"": ""medium""}, ""price_unit"": {""url"": ""https://suumo.jp/ms/shinchiku/tokyo/sc_chuo/nc_67727473/"", ""file"": ""02_ngu_n_3.txt"", ""snippet"": ""S-80Atr … 価格： 2億2800万円"", ""confidence"": ""medium""}, ""price_basis"": {""url"": ""https://suumo.jp/ms/shinchiku/tokyo/sc_chuo/nc_67727473/"", ""file"": ""02_ngu_n_3.txt"", ""snippet"": ""専有面積： 80.63m 2 価格： 2億2800万円"", ""confidence"": ""medium""}, ""includes_vat"": {""url"": ""https://suumo.jp/ms/shinchiku/tokyo/sc_chuo/nc_67727473/"", ""file"": ""02_ngu_n_3.txt"", ""snippet"": ""※価格は物件の代金総額を表示しています。消費税が課税される場合は税込み価格を表示しており、10000円未満を切り上げている場合があります。"", ""confidence"": ""medium""}, ""period"": {""url"": ""https://suumo.jp/ms/shinchiku/tokyo/sc_chuo/nc_67727473/"", ""file"": ""02_ngu_n_3.txt"", ""snippet"": ""情報更新日：2026/8/12"", ""confidence"": ""medium""}, ""source_type"": {""url"": ""https://suumo.jp/ms/shinchiku/tokyo/sc_chuo/nc_67727473/"", ""file"": ""02_ngu_n_3.txt"", ""snippet"": ""【SUUMO】グランドシティタワー月島 | 新築マンション・分譲マンション物件情報"", ""confidence"": ""medium""}, ""listing_url"": {""url"": ""https://suumo.jp/ms/shinchiku/tokyo/sc_chuo/nc_67727473/"", ""file"": ""02_ngu_n_3.txt"", ""snippet"": ""URL: https://suumo.jp/ms/shinchiku/tokyo/sc_chuo/nc_67727473/"", ""confidence"": ""medium""}}"
